eplenmean,explained_variance,clipfrac,time_elapsed,eprewmean,fps,approxkl,serial_timesteps,total_timesteps,value_loss,nupdates,policy_loss,policy_entropy
nan,-0.9243067502975464,0.14606117,12.53543496131897,nan,1960,0.009802243,2048,24576,0.34748733,1,-0.020343231,34.04531
nan,-1.3592793941497803,0.14051108,24.244998931884766,nan,2104,0.009325032,4096,49152,0.13331637,2,-0.021701487,34.024044
nan,-0.235467791557312,0.14063723,35.95212173461914,nan,2099,0.009336302,6144,73728,0.09817056,3,-0.02300575,34.005836
nan,0.021501004695892334,0.14921874,47.56810784339905,nan,2115,0.0098083485,8192,98304,0.08170323,4,-0.024028111,33.98823
nan,0.07950049638748169,0.15009758,59.21345543861389,nan,2110,0.009878724,10240,122880,0.06707408,5,-0.024711963,33.981556
nan,0.24316400289535522,0.14414059,70.9226598739624,nan,2099,0.009576183,12288,147456,0.055675752,6,-0.024459688,33.973442
nan,0.41283243894577026,0.14273681,82.53492498397827,nan,2116,0.009488098,14336,172032,0.04325744,7,-0.024503108,33.971584
nan,0.5343806743621826,0.14100747,94.16435551643372,nan,2113,0.009401512,16384,196608,0.034651477,8,-0.024108673,33.955715
nan,0.6565656065940857,0.15815833,105.75254034996033,nan,2120,0.010221766,18432,221184,0.026648402,9,-0.026605403,33.937836
nan,0.7053557634353638,0.14167888,117.52979159355164,nan,2086,0.00937296,20480,245760,0.021720257,10,-0.024221474,33.902092
nan,0.7849434912204742,0.14738768,129.1768617630005,nan,2110,0.009743826,22528,270336,0.016033886,11,-0.025403615,33.915718
nan,0.8563031554222107,0.15161535,140.81991744041443,nan,2110,0.009921942,24576,294912,0.0114485305,12,-0.02616613,33.88104
nan,0.8970693722367287,0.14399414,152.52211618423462,nan,2100,0.009433767,26624,319488,0.008431326,13,-0.025810296,33.846542
nan,0.9267419278621674,0.15190423,164.1979842185974,nan,2105,0.009976861,28672,344064,0.006046272,14,-0.026184995,33.84965
nan,0.9455747380852699,0.15255538,175.82581043243408,nan,2113,0.009996111,30720,368640,0.0043970263,15,-0.026733795,33.85541
nan,0.9639132097363472,0.15110677,187.46059679985046,nan,2112,0.009990258,32768,393216,0.0032363501,16,-0.02680254,33.871075
nan,0.9738917164504528,0.15270187,199.32657027244568,nan,2071,0.010029605,34816,417792,0.0024043412,17,-0.027049815,33.842133
nan,0.982318053022027,0.15363365,210.99284482002258,nan,2106,0.009984924,36864,442368,0.0017714178,18,-0.026798699,33.8433
nan,0.9875422120094299,0.15452875,222.7828381061554,nan,2084,0.010139528,38912,466944,0.001326958,19,-0.028078401,33.856438
nan,0.9914363892748952,0.16007084,234.74619841575623,nan,2054,0.010428226,40960,491520,0.0010256169,20,-0.028083581,33.841953
nan,0.9939773757942021,0.15197343,246.4322464466095,nan,2103,0.009959143,43008,516096,0.0008225916,21,-0.027678508,33.811943
nan,0.9956433605402708,0.15748698,258.1048562526703,nan,2105,0.01027377,45056,540672,0.00070348865,22,-0.0282672,33.805405
nan,0.9968005623668432,0.158313,269.8638525009155,nan,2090,0.010355563,47104,565248,0.000572397,23,-0.028580781,33.82706
nan,0.99743862147443,0.1525594,281.5833775997162,nan,2097,0.01011526,49152,589824,0.0004997305,24,-0.027555978,33.833954
nan,0.9981394204078242,0.16426192,293.23847246170044,nan,2108,0.010628213,51200,614400,0.00041088666,25,-0.029786956,33.823826
nan,0.9983492649625987,0.16317543,304.9709975719452,nan,2094,0.010725496,53248,638976,0.0003717036,26,-0.029418152,33.78472
nan,0.9986805296503007,0.14969487,316.99946188926697,nan,2043,0.009971939,55296,663552,0.00033584508,27,-0.028334435,33.763374
nan,0.9989379299804568,0.15868323,328.68408823013306,nan,2103,0.010393796,57344,688128,0.00029723713,28,-0.029417086,33.766953
nan,0.9991399109130725,0.16613366,340.3795416355133,nan,2101,0.010732634,59392,712704,0.00025657314,29,-0.03030991,33.773064
nan,0.9991533118882217,0.16136067,352.1390428543091,nan,2090,0.010446006,61440,737280,0.00023996853,30,-0.028805533,33.77099
nan,0.9993617779691704,0.15746255,363.9043302536011,nan,2089,0.010226564,63488,761856,0.00022188897,31,-0.02901276,33.758144
nan,0.9993651350960135,0.16398108,375.6092998981476,nan,2099,0.010676867,65536,786432,0.00022493312,32,-0.029604256,33.72574
nan,0.9994511815602891,0.16738278,387.3261706829071,nan,2097,0.0108319195,67584,811008,0.0002025015,33,-0.030969381,33.70329
nan,0.9994998507900164,0.17070724,399.02077865600586,nan,2101,0.011023751,69632,835584,0.0001883125,34,-0.030446533,33.696625
nan,0.99947103287559,0.17060952,410.70509147644043,nan,2103,0.011028181,71680,860160,0.00021145311,35,-0.0310413,33.666805
nan,0.9994720814283937,0.16965333,422.4210834503174,nan,2097,0.010933446,73728,884736,0.0002078064,36,-0.030992951,33.646935
nan,0.999480894242879,0.17756757,434.1213755607605,nan,2100,0.011342494,75776,909312,0.0001819892,37,-0.032259423,33.607456
nan,0.999563844234217,0.17370196,446.07702231407166,nan,2055,0.011167441,77824,933888,0.00017990425,38,-0.03141313,33.586506
nan,0.9995521600358188,0.17462163,457.7469804286957,nan,2106,0.01130962,79872,958464,0.00018842948,39,-0.031730972,33.551003
nan,0.9995155529759359,0.17514645,469.37906527519226,nan,2113,0.011260475,81920,983040,0.0001831534,40,-0.031831324,33.525707
nan,0.9995119752420578,0.17323406,481.3544840812683,nan,2053,0.011185007,83968,1007616,0.00018848942,41,-0.03171443,33.466957
nan,0.9995325710624456,0.17401524,493.2762153148651,nan,2061,0.011178734,86016,1032192,0.0001794545,42,-0.031748425,33.441116
nan,0.9995247751940042,0.18306476,504.9863872528076,nan,2098,0.011804988,88064,1056768,0.0001914898,43,-0.03276373,33.41447
nan,0.9994945157668553,0.17980957,516.9363205432892,nan,2056,0.011559261,90112,1081344,0.00019478108,44,-0.032320935,33.389076
nan,0.9995166356966365,0.17603758,528.6190989017487,nan,2103,0.011279617,92160,1105920,0.00018623492,45,-0.032646615,33.369938
nan,0.999499207129702,0.18018803,540.0932152271271,nan,2142,0.011626292,94208,1130496,0.00018603393,46,-0.032687202,33.358067
nan,0.9995277467533015,0.1811767,551.8648130893707,nan,2087,0.0117169395,96256,1155072,0.00017815715,47,-0.032954413,33.331173
nan,0.9995183265127707,0.18674317,563.795520067215,nan,2060,0.012005061,98304,1179648,0.00017282952,48,-0.03348728,33.30032
nan,0.999457576777786,0.18967691,575.5851147174835,nan,2084,0.01219252,100352,1204224,0.00017827035,49,-0.033573084,33.258125
nan,0.9995225279126316,0.17952473,587.1804330348969,nan,2119,0.011573458,102400,1228800,0.00017349969,50,-0.032571837,33.226208
nan,0.9995160147664137,0.18481445,598.8363037109375,nan,2108,0.011883105,104448,1253376,0.00017391346,51,-0.033572238,33.190693
nan,0.9994059124728665,0.19244792,610.7729034423828,nan,2059,0.012277072,106496,1277952,0.00018814436,52,-0.034391485,33.176445
nan,0.99949408788234,0.19020589,622.3486635684967,nan,2123,0.012264936,108544,1302528,0.00019444374,53,-0.03398373,33.136177
nan,0.9994126367382705,0.18872483,634.0522844791412,nan,2100,0.012116287,110592,1327104,0.00020125303,54,-0.03292816,33.110653
nan,0.9994935343856923,0.18542895,646.0078728199005,nan,2055,0.011873301,112640,1351680,0.00018792046,55,-0.03412009,33.06797
nan,0.9995323561306577,0.18570553,658.0355987548828,nan,2043,0.011803047,114688,1376256,0.00017511792,56,-0.033768415,33.024776
nan,0.9993943882873282,0.19311514,669.7753512859344,nan,2093,0.012268326,116736,1400832,0.00018512101,57,-0.034681793,32.972973
nan,0.9993377799983136,0.18932295,681.5821120738983,nan,2081,0.012157211,118784,1425408,0.00019679098,58,-0.0339107,32.92318
nan,0.9993568839272484,0.2011312,693.3378674983978,nan,2090,0.012819407,120832,1449984,0.00017751653,59,-0.035513088,32.84466
nan,0.9993944495799951,0.1898723,705.2170007228851,nan,2069,0.01221562,122880,1474560,0.00018611347,60,-0.033993274,32.7975
nan,0.9993262005154975,0.19700931,716.7634510993958,nan,2129,0.012690881,124928,1499136,0.00020051617,61,-0.034576803,32.73916
nan,0.9992890768917277,0.19570315,728.2084589004517,nan,2147,0.012539238,126976,1523712,0.00020437378,62,-0.034240473,32.68055
nan,0.9993606457719579,0.20388599,739.7104904651642,nan,2136,0.013017943,129024,1548288,0.00020604294,63,-0.035489686,32.631416
nan,0.9993418240337633,0.19432786,751.1799862384796,nan,2142,0.01242852,131072,1572864,0.0002017436,64,-0.03390991,32.580723
nan,0.9993908278993331,0.2012126,762.663027048111,nan,2140,0.012985162,133120,1597440,0.00019376099,65,-0.034832515,32.521175
nan,0.9993828066508286,0.20355633,774.2665495872498,nan,2118,0.012918639,135168,1622016,0.00019043483,66,-0.035461716,32.443855
nan,0.9993643702473491,0.19844158,786.3007688522339,nan,2042,0.012703324,137216,1646592,0.00018857578,67,-0.03399557,32.389507
nan,0.999295384157449,0.20159093,798.2541375160217,nan,2056,0.013010887,139264,1671168,0.0001929392,68,-0.034764737,32.31937
nan,0.9993134742835537,0.20835777,809.8828318119049,nan,2113,0.013290284,141312,1695744,0.00020688909,69,-0.0357887,32.24995
nan,0.9993192655965686,0.20602617,821.8932542800903,nan,2046,0.013141257,143360,1720320,0.00020124977,70,-0.036414195,32.187965
nan,0.9992824124055915,0.19711503,833.6474969387054,nan,2090,0.01275005,145408,1744896,0.00020662665,71,-0.033991706,32.138683
nan,0.9993699458427727,0.20815027,845.2388660907745,nan,2120,0.01337338,147456,1769472,0.0001983529,72,-0.03560795,32.09286
nan,0.9994252832257189,0.21274003,856.7234828472137,nan,2140,0.013751792,149504,1794048,0.00020343445,73,-0.036318928,32.028572
nan,0.9993906742311083,0.20701495,868.3322124481201,nan,2117,0.013361899,151552,1818624,0.00020448971,74,-0.036322463,31.980045
nan,0.9994228891446255,0.21228023,879.9564783573151,nan,2114,0.013698925,153600,1843200,0.00020364909,75,-0.035855807,31.903112
nan,0.999440522165969,0.22129714,891.4778318405151,nan,2133,0.014324429,155648,1867776,0.00019984825,76,-0.03633701,31.832205
nan,0.9995136272918899,0.21202806,902.8909456729889,nan,2153,0.0137325805,157696,1892352,0.00017890286,77,-0.035534553,31.745615
nan,0.9994852959644049,0.21455893,914.5007793903351,nan,2116,0.0137705235,159744,1916928,0.00018237231,78,-0.03557644,31.662344
nan,0.9994420771836303,0.21702072,926.3711252212524,nan,2070,0.013994334,161792,1941504,0.00018772237,79,-0.03670048,31.581715
nan,0.9994419619324617,0.20923257,937.840781211853,nan,2142,0.01347073,163840,1966080,0.00018755639,80,-0.036305748,31.504303
nan,0.9994783959118649,0.2225546,949.7902674674988,nan,2057,0.014287382,165888,1990656,0.00019730449,81,-0.035450406,31.416224
nan,0.999377804226242,0.21464841,961.5501599311829,nan,2089,0.013912028,167936,2015232,0.00020576303,82,-0.035616852,31.329687
nan,0.9994784532464109,0.21394041,973.2539684772491,nan,2099,0.013795948,169984,2039808,0.00019414998,83,-0.035171427,31.255371
nan,0.999458309088368,0.22597256,984.890031337738,nan,2112,0.01450482,172032,2064384,0.00019685202,84,-0.036914326,31.16825
nan,0.9994375925743952,0.21750891,996.452269077301,nan,2125,0.014230901,174080,2088960,0.00020145706,85,-0.035775006,31.059519
nan,0.9994900116580538,0.2216715,1008.4055588245392,nan,2056,0.014217143,176128,2113536,0.00018931621,86,-0.036278155,30.987392
nan,0.9994611872825772,0.21988519,1020.1142632961273,nan,2099,0.014228338,178176,2138112,0.00019821427,87,-0.035675984,30.916733
nan,0.9994638152420521,0.22334397,1031.8961296081543,nan,2086,0.014358856,180224,2162688,0.00019293188,88,-0.03583845,30.853643
nan,0.9995045662508346,0.22421065,1043.6382882595062,nan,2093,0.014435224,182272,2187264,0.00018554722,89,-0.036450475,30.760324
nan,0.9994904345367104,0.22091874,1055.2180588245392,nan,2122,0.01413889,184320,2211840,0.00018056313,90,-0.035319474,30.671774
nan,0.9993857658701017,0.21833095,1066.7363760471344,nan,2133,0.014153086,186368,2236416,0.00018071513,91,-0.034937788,30.588154
nan,0.9995387657545507,0.22612707,1078.3749613761902,nan,2111,0.014641774,188416,2260992,0.00017236332,92,-0.035581388,30.48443
nan,0.999477336765267,0.21814778,1090.1223385334015,nan,2092,0.014162546,190464,2285568,0.00016970292,93,-0.034947667,30.399998
nan,0.9995533848414198,0.228247,1101.7772598266602,nan,2108,0.01475292,192512,2310144,0.00016614802,94,-0.036028765,30.309637
192649.0,0.9986727882642299,0.21999922,1113.4518735408783,-248378.339465,2105,0.014207823,194560,2334720,0.00020414048,95,-0.032676086,30.265438
192649.0,0.9992625310551375,0.22612712,1125.2781393527985,-248378.339465,2078,0.014722845,196608,2359296,0.00016217372,96,-0.03470571,30.182135
192649.0,0.9994017709395848,0.22541909,1136.9054222106934,-248378.339465,2113,0.014640072,198656,2383872,0.00015820621,97,-0.035279434,30.114618
192649.0,0.9994762782589532,0.22045898,1148.78901720047,-248378.339465,2068,0.014324387,200704,2408448,0.00014659422,98,-0.033864647,30.054768
192649.0,0.9995510753069539,0.21831468,1160.6308164596558,-248378.339465,2075,0.014086718,202752,2433024,0.00013996393,99,-0.03430872,29.957407
192649.0,0.9995061967056245,0.21684161,1172.2418112754822,-248378.339465,2116,0.01411472,204800,2457600,0.0001342391,100,-0.034560196,29.877476
103404.5,0.9994132908759639,0.22364911,1184.0260932445526,-127288.316452,2086,0.014633065,206848,2482176,0.00020304714,101,-0.032361157,29.796362
103404.5,0.9994731866754591,0.22549239,1196.159838438034,-127288.316452,2025,0.01468647,208896,2506752,0.00013493242,102,-0.03471362,29.712017
103404.5,0.9995940019143745,0.21925461,1207.9086184501648,-127288.316452,2091,0.01431126,210944,2531328,0.00012189482,103,-0.034740455,29.659018
103404.5,0.999629600555636,0.22360435,1219.6244015693665,-127288.316452,2097,0.014495564,212992,2555904,0.00012456819,104,-0.035341427,29.593563
103404.5,0.999670672317734,0.22867021,1231.7282493114471,-127288.316452,2030,0.01491933,215040,2580480,0.00011579851,105,-0.036022507,29.52569
103404.5,0.9996161111921538,0.23079427,1243.8912332057953,-127288.316452,2020,0.015015706,217088,2605056,0.0001349609,106,-0.034809448,29.458038
103404.5,0.9996290107956156,0.2262371,1255.5508930683136,-127288.316452,2107,0.014670139,219136,2629632,0.00012522825,107,-0.034554593,29.402594
103404.5,0.9996880091493949,0.23616545,1267.5627207756042,-127288.316452,2046,0.0154482545,221184,2654208,0.0001134016,108,-0.03615902,29.35236
103404.5,0.9996579638973344,0.2313802,1279.5706360340118,-127288.316452,2047,0.0150458645,223232,2678784,0.00010813909,109,-0.035472378,29.279242
143452.0,0.9993241093470715,0.23304853,1291.5783553123474,-173625.69824433333,2046,0.015175168,225280,2703360,0.00014771338,110,-0.033554856,29.239996
143452.0,0.9995813108398579,0.22331946,1303.2984113693237,-173625.69824433333,2097,0.014645802,227328,2727936,0.000110085915,111,-0.03435944,29.204199
143452.0,0.9995396403828636,0.2299805,1315.1041753292084,-173625.69824433333,2081,0.015060542,229376,2752512,9.4313684e-05,112,-0.033958457,29.150183
143452.0,0.9996836801292375,0.23285317,1327.0126037597656,-173625.69824433333,2063,0.01528365,231424,2777088,9.3324954e-05,113,-0.035925325,29.073008
143452.0,0.9996137437701691,0.23111169,1339.2782282829285,-173625.69824433333,2003,0.015101905,233472,2801664,0.000100868216,114,-0.034935787,28.99699
143452.0,0.999692815617891,0.23383382,1351.2341544628143,-173625.69824433333,2055,0.015301856,235520,2826240,8.9131405e-05,115,-0.03544026,28.966034
143452.0,0.9996923762955703,0.23467608,1363.059482574463,-173625.69824433333,2078,0.015331346,237568,2850816,9.1952665e-05,116,-0.034837637,28.925531
143452.0,0.9996854613709729,0.23316236,1374.9654314517975,-173625.69824433333,2064,0.015178142,239616,2875392,8.960704e-05,117,-0.034669884,28.869883
143452.0,0.9997139825427439,0.23593345,1386.7693452835083,-173625.69824433333,2082,0.01545271,241664,2899968,9.091678e-05,118,-0.035139315,28.830841
143452.0,0.999744380795164,0.23394358,1398.492268562317,-173625.69824433333,2096,0.015402946,243712,2924544,8.435086e-05,119,-0.034438364,28.76481
143452.0,0.9997366028546821,0.23991697,1410.3617956638336,-173625.69824433333,2070,0.015733516,245760,2949120,7.62288e-05,120,-0.035361078,28.717129
143452.0,0.9997477405995596,0.23753262,1422.0294117927551,-173625.69824433333,2107,0.015626846,247808,2973696,7.7296354e-05,121,-0.03516,28.64977
196380.0,0.9986607199534774,0.250354,1434.2615323066711,-233461.1935828333,2009,0.016929507,249856,2998272,0.00023920706,122,-0.031127777,28.62528
196380.0,0.9973706882447004,0.25615233,1446.3520214557648,-233461.1935828333,2032,0.017294442,251904,3022848,0.00010408791,123,-0.033451367,28.610662
196380.0,0.9983526022406295,0.26035962,1458.6890511512756,-233461.1935828333,1992,0.017404478,253952,3047424,8.812725e-05,124,-0.034617655,28.568958
196380.0,0.9986859989585355,0.25596923,1471.0154919624329,-233461.1935828333,1993,0.017398862,256000,3072000,7.1928465e-05,125,-0.034218837,28.5029
196380.0,0.999056821630802,0.2502645,1482.7823646068573,-233461.1935828333,2088,0.016670141,258048,3096576,7.2333874e-05,126,-0.03467732,28.442286
196380.0,0.9992572064511478,0.24421795,1494.5823767185211,-233461.1935828333,2083,0.016338533,260096,3121152,6.735638e-05,127,-0.03527408,28.39064
196380.0,0.9995818607276306,0.24766032,1506.7096481323242,-233461.1935828333,2026,0.01646636,262144,3145728,5.6376855e-05,128,-0.034504145,28.336374
196380.0,0.9996171802049503,0.24797364,1518.6814382076263,-233461.1935828333,2053,0.016401246,264192,3170304,5.9614813e-05,129,-0.033716135,28.264353
196380.0,0.999758552556159,0.24933672,1530.896910905838,-233461.1935828333,2012,0.016490316,266240,3194880,4.9628026e-05,130,-0.034809276,28.177952
196380.0,0.9997400166466832,0.25130203,1543.0358407497406,-233461.1935828333,2024,0.016568819,268288,3219456,5.440925e-05,131,-0.03641779,28.111095
196380.0,0.999777251316118,0.25054535,1554.9414858818054,-233461.1935828333,2064,0.016522845,270336,3244032,4.9667084e-05,132,-0.035900485,28.06609
196380.0,0.9998154668719508,0.24189445,1566.7853915691376,-233461.1935828333,2075,0.01604934,272384,3268608,4.713346e-05,133,-0.034500178,28.002085
196380.0,0.9998105626000324,0.2428263,1578.5451560020447,-233461.1935828333,2090,0.015881618,274432,3293184,5.0553084e-05,134,-0.036181398,27.928951
196380.0,0.9998617697856389,0.2505411,1590.6141719818115,-233461.1935828333,2036,0.01651764,276480,3317760,3.9937913e-05,135,-0.036271073,27.843777
172351.7142857143,0.9978871967177838,0.26309007,1602.7313027381897,-201638.8205485714,2028,0.017708374,278528,3342336,8.132863e-05,136,-0.033483304,27.809551
172351.7142857143,0.9988412347156554,0.2468303,1614.560672044754,-201638.8205485714,2077,0.01638334,280576,3366912,5.6455716e-05,137,-0.031473886,27.800793
172351.7142857143,0.9992281433660537,0.2571817,1626.7346246242523,-201638.8205485714,2018,0.017141249,282624,3391488,4.6587364e-05,138,-0.033269167,27.795345
172351.7142857143,0.9993762746453285,0.25579825,1638.7561252117157,-201638.8205485714,2044,0.016955012,284672,3416064,5.112167e-05,139,-0.032743838,27.779041
172351.7142857143,0.9995488099229988,0.24280593,1650.9313943386078,-201638.8205485714,2018,0.01614267,286720,3440640,4.2872332e-05,140,-0.031959932,27.739609
172351.7142857143,0.99962844219408,0.24938159,1662.9715218544006,-201638.8205485714,2041,0.016528213,288768,3465216,4.512658e-05,141,-0.031740595,27.703943
172351.7142857143,0.9997007776109967,0.25194103,1674.8584439754486,-201638.8205485714,2067,0.016501157,290816,3489792,4.1388786e-05,142,-0.03256101,27.652409
172351.7142857143,0.9997864387405571,0.25249434,1686.9499583244324,-201638.8205485714,2032,0.016587108,292864,3514368,4.146133e-05,143,-0.03361066,27.605408
172351.7142857143,0.9998464287345996,0.2581298,1698.905075788498,-201638.8205485714,2055,0.017096976,294912,3538944,3.3875673e-05,144,-0.035217974,27.542774
172351.7142857143,0.9998570773313986,0.25104177,1711.0305624008179,-201638.8205485714,2026,0.016666869,296960,3563520,3.5313504e-05,145,-0.03417822,27.506313
153509.5,0.9994411816005595,0.26315922,1723.263109445572,-177588.664204625,2009,0.017935764,299008,3588096,5.7614227e-05,146,-0.029038915,27.437084
153509.5,0.9994375601527281,0.24204102,1735.10520195961,-177588.664204625,2075,0.0162726,301056,3612672,4.1744534e-05,147,-0.032568477,27.380447
153509.5,0.9995590757753234,0.2546631,1747.108894586563,-177588.664204625,2047,0.017063381,303104,3637248,4.588765e-05,148,-0.031992428,27.339676
153509.5,0.9996836191567127,0.24704595,1759.0113792419434,-177588.664204625,2064,0.016523454,305152,3661824,3.697941e-05,149,-0.032018714,27.307383
153509.5,0.999812646798091,0.2541341,1770.8885970115662,-177588.664204625,2069,0.016963799,307200,3686400,4.050953e-05,150,-0.034165043,27.258572
153509.5,0.9998289325594669,0.26600343,1782.7751429080963,-177588.664204625,2067,0.01766956,309248,3710976,4.4553617e-05,151,-0.033536706,27.223927
153509.5,0.9998641447164118,0.25941986,1794.6263637542725,-177588.664204625,2073,0.017373707,311296,3735552,4.1542728e-05,152,-0.033746943,27.171036
153509.5,0.998057427816093,0.26486814,1806.4907810688019,-177588.664204625,2071,0.017924514,313344,3760128,6.927742e-05,153,-0.029194009,27.133564
153509.5,0.9964534074533731,0.26566166,1819.0062234401703,-177588.664204625,1963,0.01801585,315392,3784704,5.6431854e-05,154,-0.031578973,27.118372
153509.5,0.9977625261526555,0.2604776,1830.886343240738,-177588.664204625,2068,0.01778344,317440,3809280,4.09107e-05,155,-0.032387067,27.110271
153509.5,0.9983960358658805,0.26417646,1842.736911058426,-177588.664204625,2074,0.018059973,319488,3833856,3.5981993e-05,156,-0.031780932,27.114872
153509.5,0.9988431193633005,0.26239833,1854.5817484855652,-177588.664204625,2075,0.017852547,321536,3858432,3.341033e-05,157,-0.03261389,27.129654
153509.5,0.9993675614823587,0.2596435,1866.436666727066,-177588.664204625,2073,0.017459435,323584,3883008,3.1227217e-05,158,-0.03220456,27.124905
153509.5,0.9995312046667095,0.2586182,1878.5137774944305,-177588.664204625,2035,0.017463323,325632,3907584,2.6248992e-05,159,-0.03218353,27.126728
153509.5,0.9996954319067299,0.26099446,1890.4810807704926,-177588.664204625,2053,0.017523712,327680,3932160,3.7406604e-05,160,-0.03170815,27.100103
153509.5,0.9997108105162624,0.2605387,1902.3116405010223,-177588.664204625,2078,0.017757857,329728,3956736,3.943947e-05,161,-0.03243159,27.070246
153509.5,0.9997783311409876,0.25536698,1914.203673362732,-177588.664204625,2066,0.017053435,331776,3981312,2.8979648e-05,162,-0.032057922,27.046106
153509.5,0.9998760828166269,0.2669557,1926.4183585643768,-177588.664204625,2012,0.018184828,333824,4005888,3.7155023e-05,163,-0.034570713,26.988525
153509.5,0.9998146477591945,0.2595418,1938.3890600204468,-177588.664204625,2053,0.017602928,335872,4030464,3.760474e-05,164,-0.03187506,26.935553
153509.5,0.9996649329259526,0.25273427,1950.2078881263733,-177588.664204625,2079,0.017107366,337920,4055040,3.5405228e-05,165,-0.030780768,26.931772
153509.5,0.9997200296202209,0.2533529,1962.3969314098358,-177588.664204625,2016,0.01726905,339968,4079616,3.5734112e-05,166,-0.03161377,26.909393
153509.5,0.9998323214240372,0.26412362,1974.5065896511078,-177588.664204625,2029,0.018041002,342016,4104192,3.723407e-05,167,-0.031860907,26.856564
153509.5,0.9998760068992851,0.2633993,1986.8509285449982,-177588.664204625,1991,0.017635357,344064,4128768,3.7465456e-05,168,-0.033696882,26.789185
153509.5,0.9996633654809557,0.2612589,1998.9154260158539,-177588.664204625,2037,0.01773715,346112,4153344,4.4597786e-05,169,-0.0313836,26.764301
153509.5,0.9996244841022417,0.26407078,2011.2269892692566,-177588.664204625,1996,0.018046552,348160,4177920,2.6732097e-05,170,-0.032378152,26.756536
152246.11111111112,0.9992020719801076,0.25878498,2023.7685606479645,-161588.95665833334,1959,0.017519118,350208,4202496,6.0151757e-05,171,-0.03252925,26.77058
152246.11111111112,0.9995091093005612,0.26353765,2036.0737192630768,-161588.95665833334,1997,0.01773735,352256,4227072,4.5479475e-05,172,-0.03484177,26.739674
152246.11111111112,0.9994041893514805,0.2630697,2048.084700345993,-161588.95665833334,2046,0.017617468,354304,4251648,4.7457717e-05,173,-0.03104484,26.717264
152246.11111111112,0.9996165409393143,0.2563069,2060.201835870743,-161588.95665833334,2028,0.017215012,356352,4276224,4.8712853e-05,174,-0.032041088,26.700653
152246.11111111112,0.999569283798337,0.2642944,2072.1618037223816,-161588.95665833334,2055,0.017895546,358400,4300800,6.2235275e-05,175,-0.031551085,26.66619
152246.11111111112,0.9996876820514444,0.26771638,2084.609742164612,-161588.95665833334,1974,0.018132582,360448,4325376,5.7228324e-05,176,-0.033526145,26.621212
152246.11111111112,0.9997718851955142,0.27669695,2096.5921618938446,-161588.95665833334,2051,0.018773023,362496,4349952,5.6347002e-05,177,-0.033638477,26.567907
152246.11111111112,0.9997756240627496,0.2754599,2108.781627893448,-161588.95665833334,2016,0.018814635,364544,4374528,5.4714434e-05,178,-0.03265206,26.484564
152246.11111111112,0.9998155467910692,0.277474,2121.0157301425934,-161588.95665833334,2008,0.018974924,366592,4399104,5.4218697e-05,179,-0.03345286,26.429096
152246.11111111112,0.9997255092894193,0.28282475,2133.0387127399445,-161588.95665833334,2044,0.019460918,368640,4423680,6.0080238e-05,180,-0.03335795,26.372742
152246.11111111112,0.9996336842013989,0.28353676,2145.4517822265625,-161588.95665833334,1980,0.01950588,370688,4448256,6.304354e-05,181,-0.03379386,26.346222
152246.11111111112,0.9997897615539841,0.2822957,2157.6124033927917,-161588.95665833334,2021,0.019461457,372736,4472832,5.4194086e-05,182,-0.032876696,26.283625
144528.5,0.9989604994188994,0.2949706,2169.588710308075,-152389.9588676,2052,0.021144751,374784,4497408,9.312764e-05,183,-0.03144244,26.248728
144528.5,0.998839759035036,0.2731323,2181.556365966797,-152389.9588676,2053,0.018988516,376832,4521984,6.025671e-05,184,-0.03203936,26.189617
144528.5,0.9992652427754365,0.28660476,2193.666867494583,-152389.9588676,2029,0.020252872,378880,4546560,5.6693592e-05,185,-0.033226322,26.17421
144528.5,0.9993274846347049,0.27755126,2205.5726277828217,-152389.9588676,2064,0.019360447,380928,4571136,5.3961598e-05,186,-0.0318159,26.137226
144528.5,0.999656204628991,0.27477613,2217.7915999889374,-152389.9588676,2011,0.018929519,382976,4595712,4.3842938e-05,187,-0.033028916,26.099518
144528.5,0.9996763686067425,0.28478593,2229.681619167328,-152389.9588676,2067,0.020093778,385024,4620288,4.6676658e-05,188,-0.03379083,26.07478
144528.5,0.9998053627787158,0.27181798,2241.77108502388,-152389.9588676,2032,0.018618522,387072,4644864,3.6098496e-05,189,-0.032949843,26.028727
144528.5,0.9998408387473319,0.2942464,2254.109972715378,-152389.9588676,1991,0.020413913,389120,4669440,3.4390636e-05,190,-0.034921523,25.937372
144528.5,0.9998089162254473,0.28090823,2266.396496295929,-152389.9588676,2000,0.019461785,391168,4694016,4.0022765e-05,191,-0.033009447,25.87261
144528.5,0.9998164657445159,0.2864462,2278.950221300125,-152389.9588676,1957,0.020103754,393216,4718592,3.649235e-05,192,-0.03383044,25.825857
144528.5,0.9998032569128554,0.2864014,2290.9136078357697,-152389.9588676,2054,0.019868003,395264,4743168,3.9284027e-05,193,-0.03299167,25.77835
144528.5,0.9998543383117067,0.27789304,2303.1601889133453,-152389.9588676,2006,0.018976118,397312,4767744,3.493579e-05,194,-0.034677163,25.709293
144528.5,0.9998804957285756,0.27457684,2315.30077457428,-152389.9588676,2024,0.01900423,399360,4792320,3.229727e-05,195,-0.03335847,25.673008
144528.5,0.9998042264924152,0.2757242,2327.7430651187897,-152389.9588676,1975,0.019002143,401408,4816896,5.085457e-05,196,-0.031744026,25.602026
144528.5,0.9998134348570602,0.28531492,2339.6887819767,-152389.9588676,2057,0.019687925,403456,4841472,5.179359e-05,197,-0.032812558,25.552168
134262.0,0.9990135716507211,0.30531013,2351.9104351997375,-139782.4673829091,2011,0.021978257,405504,4866048,9.1284506e-05,198,-0.028248573,25.533318
134262.0,0.999341843125876,0.2935222,2364.279768228531,-139782.4673829091,1987,0.020528793,407552,4890624,7.6660435e-05,199,-0.03275485,25.449966
127992.25,0.9979494756553322,0.29593918,2376.434262037277,-132934.20831825,2022,0.021396153,409600,4915200,7.505276e-05,200,-0.03241367,25.407986
127992.25,0.9993940047570504,0.2805419,2388.4041514396667,-132934.20831825,2053,0.019380217,411648,4939776,5.4634853e-05,201,-0.035071276,25.376614
127992.25,0.9997331517806742,0.29632977,2400.368929862976,-132934.20831825,2054,0.020299584,413696,4964352,5.6423898e-05,202,-0.033613347,25.357718
127992.25,0.9998203709255904,0.28385836,2412.8752841949463,-132934.20831825,1965,0.019816723,415744,4988928,4.208222e-05,203,-0.034081995,25.303858
127992.25,0.9995870415586978,0.3052044,2425.0300583839417,-132934.20831825,2022,0.021663234,417792,5013504,4.8690938e-05,204,-0.03319071,25.258251
127992.25,0.9997005415207241,0.30465895,2437.039930820465,-132934.20831825,2046,0.02179084,419840,5038080,4.7113437e-05,205,-0.03370022,25.200275
127992.25,0.9997683430556208,0.29912108,2449.6307322978973,-132934.20831825,1952,0.021063529,421888,5062656,3.5556743e-05,206,-0.033322122,25.1716
127992.25,0.9998362891201396,0.2913249,2461.7043554782867,-132934.20831825,2035,0.020271674,423936,5087232,3.703421e-05,207,-0.034325127,25.123358
