#{"t_start": 1524637493.622575, "env_id": "Starfish-SwimX-v0"}
r,l,t
-6998.599926,344552,1933.58484
-33.064852,4605,1948.161666-18.600747,3850,1961.88723351-12.996262,3617,1973.76465.970753,2648,1986.393973
32.169524,1324,1994.263384
3524.043225,1731,2000.7833823534.456888,1188,2006.4800292933.597516,1272,2014.0669493333.169006,1272,2020.2182543335.421237,1161,2027.2536932.935374,1292,2035.960087
3635.33.546029,1221,2043.0863436.32.374465,1294,2050.81232.6532.174036,1309,2057.0836.08736.236236,1120,2063.935.374335.874056,1102,2069.337.113437.407987,1040,2076.236.275333.605783,1201,2083.536.802034.940927,1170,2089.35.373036.459206,1126,2096.336.398938.226518,987,2101.136.715336.20376,1115,2108.0436.81836.354711,1083,2113.2337.61936.379933,1073,2120.1735.91938.120254,1008,2125.0038.04037.560108,1002,2131.5536.74236.747117,1114,2137.0236.98136.098681,1119,2143.9539.28336.85218,1047,2149.0137.18038.101402,1023,2155.39.3699635.02193,1179,2161.37.8831739.69439,972,2167.9735.66639.807358,902,2172.3839.81935.9777,1123,2179.69237.6337.929184,1025,2184.7138.29438.048883,1034,2191.536.4348.284317,2544,2195.47436.338.169149,1040,2201.959238.7335.182647,1165,2208.21437.3839.216003,967,2214.37384340.577285,887,2218.7508123738.473234,961,2224.86377337.315508,1044,2229.8827583940.013293,939,2236.1750473838.871864,972,2240.8677839.41.168142,873,2246.6238540.40.061723,904,2251.050540.839.478646,944,2257.272841.238.245274,988,2262.041039.940.404393,912,2266.493340.637.966157,1012,2272.84839.0039.951956,901,2277.2339.02438.280151,980,2283.5639.78540.738185,882,2287.9139.8641.26919,859,2293.660539.941.291891,834,2297.766239.440.552043,907,2303.975840.540.322566,889,2308.301341.740.617874,924,2312.8341.44240.937131,906,2318.6841.47841.561645,875,2322.9741.31840.328033,901,2329.1439.99740.263184,894,2333.4440.81041.357048,850,2339.0440.9840.212502,868,2343.3341.55141.146947,864,2349.1142.27141.687316,815,2353.040.982541.794947,844,2357.141.520742.338533,804,2362.441.874640.814602,898,2366.42.3907941.155045,824,237242.38873840.431598,867,237641.42141642.094439,815,238041.9703141.71021,849,2386.541.329542.063395,800,2390.441.439842.590348,791,2395.41.1538042.18697,836,2399.41.2714440.406699,856,2403.41.8901242.132592,848,2409.41.5985342.419667,827,2413.42.0171341.778103,791,2418.43.1062242.545172,819,2422.42.2844442.428275,756,2426441.4712842.152987,819,2431441.5374841.667918,819,2435440.5466541.124692,863,2441442.2194642.737708,795,2445441.7471141.603721,817,2444141.5572742.672165,827,2454241.8785041.967487,805,2414142.2720842.680592,797,2442.42.4717841.830508,850,2443.42.7160341.838106,854,2442.42.3754542.543858,754,244242.31099143.250127,779,244242.40192142.029425,850,244242.05125441.889528,815,244243.16451342.609056,789,244242.48406,43.354892,761,25442.731044,42.749237,795,24442.118819,42.43808,814,254442.56842443.009678,809,251442.52128542.164652,833,251442.48291743.548583,762,242441.99854842.879622,805,243442.69372242.648889,802,242.43.24105542.775479,799,442.41.79270242.595246,763,443.43.20256643.303832,796,243.41.38842542.526092,757,443.41.76982143.331547,761,442.43.564941.648448,842,25543.42.445542.765119,796,25642.42.847486,802,2568.0408742.42.8942.156094,808,2574142.42.154323,791,2575.788541.941.944164,812,2581.195642.643.264657,780,2584.931042.742.871868,751,2588.516842.243.134484,790,2593.871243.743.7642.389383,818,259843.741.7841.439813,814,260341.42.78241.965309,802,26074340.40353,932,2611.073448442.897433,786,2616.3465914243.101131,763,2619.9975424341.787995,816,2625.3974184342.6048,798,2629.216382
43.468307,731,2632.717344
42.285413,803,2638.544649443.755415,762,2642.315012442.434067,817,2646.386998443.739919,744,2651.539708442.514657,761,2655.17254
43.86608,743,2660.218006
42.777085,774,2663.932563
43.238287,745,2667.502734
43.958744,739,2672.530895443.40828,750,2676.141754
43.909504,739,2679.658297
43.503219,768,2684.827586443.592239,771,2688.692024443.385898,784,2694.054354444.369256,759,2697.678272442.795589,774,2701.497676443.771659,737,2706.499569443.13761,762,2710.153377
44.547602,722,2713.614042
43.591837,763,2718.883733443.113275,770,2722.6358334444.001873,725,2726.2120844343.621748,722,2731.4083984443.324401,797,2735.2482194343.704455,738,2740.2728224243.954898,750,2743.8467524244.371783,731,2747.3274874343.47456,725,2752.329307444.142546,731,2755.981246444.191958,740,2759.616754443.874833,732,2764.632742444.323625,756,2768.263333443.860268,743,2771.9185
43.598647,726,2776.973264
44.687349,755,2780.660521
43.68705,785,2786.25266
43.971835,722,2789.823034
44.429134,732,2793.388819
44.19334,739,2798.417657
43.65641,745,2802.018981
44.558405,716,2805.54375
44.228874,712,2810.605169
43.746887,731,2814.253187
44.283457,708,2817.654605
45.237082,685,2822.483078
43.38257,758,2826.127514
43.592029,775,2829.828931
43.574372,746,2834.970475
43.466041,756,2838.615855
45.199322,682,2843.519328
44.62094,696,2846.941107
45.056058,722,2850.42512
44.448007,724,2855.45823
44.855404,694,2858.78408
44.099268,723,2862.375819
43.730918,731,2867.36647
42.880873,803,2871.267833
45.464456,703,2874.658362
44.08968,741,2879.848172
43.673212,751,2883.5276
45.060648,714,2887.032606
44.233843,721,2892.147779
43.972989,728,2895.649338
44.219918,754,2900.785491
44.60612,719,2904.237384
44.187059,717,2907.717324
44.361579,705,2912.738642
44.129463,701,2916.162467
44.973644,691,2919.49709
43.786558,698,2924.703982
45.134399,712,2928.222485
44.162486,733,2931.809983
45.101141,705,2937.022563
44.492557,700,2940.474771
44.30044,709,2943.855861
44.510132,704,2948.749147
44.469573,701,2952.1645
44.789655,686,2955.540329
43.912193,721,2960.837634
44.109821,735,2964.472908
44.253994,718,2968.01014
44.524303,680,2973.078099
44.911534,733,2976.585892
45.066829,708,2979.959707
44.860347,719,2984.881237
44.279037,722,2988.341979
44.542986,646,2991.470316
44.669581,702,2996.551805
44.279888,718,3000.029817
45.071148,713,3005.272663
44.599334,719,3008.8253484445.09402,719,3012.2888214544.859912,689,3017.12243444.677119,681,3020.387415445.051512,696,3023.708402444.731842,691,3028.680156444.946613,707,3032.111197445.460771,691,3035.53085
45.160895,704,3040.427393
45.095281,707,3043.954258445.315614,674,3047.30492
44.181269,711,3052.383198
44.745612,717,3055.823414
45.308007,693,3059.127299
45.106328,702,3064.041804445.21071,695,3067.38876
44.182823,731,3071.032298
44.907233,697,3075.948039
45.474028,695,3079.261389
45.066773,727,3082.764546
45.054515,683,3087.783355
45.506247,712,3091.190264
44.822081,703,3094.549611
45.115189,677,3099.287948
45.556048,698,3102.72442
45.039962,698,3106.19259
45.602538,669,3111.0391
45.356088,702,3114.525261
44.060734,723,3118.052351
45.414628,699,3122.934903
45.069183,684,3126.284839
45.416517,659,3129.447936
45.395618,708,3134.668167
45.418308,702,3138.031932
44.75302,709,3141.422395
45.33063,672,3146.148359
45.734432,692,3149.558966
44.840412,688,3152.918653
44.933172,688,3157.812931
45.372191,691,3161.148902
44.556754,674,3164.351825
45.648992,665,3169.140003
44.58254,686,3172.513723
45.477868,684,3175.878337
45.716616,665,3180.829571
45.236521,689,3184.13317
45.551811,654,3187.229979
45.441229,688,3192.008792
45.28199,671,3195.299972
45.200094,702,3198.80263
45.259772,670,3203.533387
45.312782,680,3206.822069
45.707435,691,3210.214209
45.305861,677,3215.107422
45.477149,696,3218.569779
45.002671,676,3221.957282
45.849341,661,3226.768067
45.797306,689,3230.051328
46.553063,666,3233.256911
46.069984,678,3238.102587
45.802088,678,3241.458674
45.159461,673,3244.794498
45.174013,671,3249.83981
45.889782,672,3253.089081
46.134191,654,3256.308249
45.322655,677,3261.131035
45.104419,664,3264.414732
46.274437,679,3267.814734
45.387053,665,3272.585619
45.893548,630,3275.67417
46.039944,679,3279.014652
46.054691,658,3283.997324
45.273482,701,3287.436889
45.682318,673,3290.745899
45.149069,690,3295.601852
45.398047,680,3298.926004
46.65694,663,3302.178748
46.357874,671,3307.041292
46.196007,674,3310.367454
46.177941,653,3313.578543
45.735434,663,3318.271501
46.539315,658,3321.409108
46.24209,662,3324.586077
45.781657,693,3329.483632
45.71763,658,3332.723414
46.286918,688,3335.992794
45.978629,642,3340.558994
45.897623,666,3343.769126
46.489701,645,3346.879186
46.231435,683,3351.634418
46.080799,654,3354.795469
45.908645,674,3358.094256
45.564658,684,3363.217954
45.600086,675,3366.481479
46.287099,655,3369.658158
46.728273,635,3374.177957
46.163299,635,3377.226981
46.167391,655,3380.445763
46.351884,634,3383.599519
46.118803,647,3388.290591
45.448765,642,3391.52198
45.70123,634,3394.570781
45.884798,635,3399.467304
46.030102,645,3402.638273
46.981723,640,3405.697306
46.322179,648,3410.387646
45.883156,645,3413.560757
46.408757,653,3416.764035
46.398763,655,3421.494553
46.353556,634,3424.605872
45.348189,654,3427.83873
46.825684,619,3432.418298
46.759631,656,3435.557243
47.026271,636,3438.638196
45.872533,637,3441.716094
47.121249,623,3446.532222
46.862358,662,3449.750555
46.733617,635,3452.862526
46.657272,656,3457.487244
47.015017,654,3460.663152
45.871624,645,3463.870767
46.104292,678,3468.621943
46.375156,666,3471.83645
46.509049,649,3475.046443
46.51385,640,3479.609174
46.738025,660,3482.776727
45.446966,660,3485.932647
46.569082,658,3490.551863
46.245638,641,3493.710253
46.061986,618,3496.75921
46.252613,641,3501.684159
45.673649,646,3504.854869
46.227792,649,3508.022142
45.753651,641,3511.111682
45.587159,666,3515.810581
46.059214,653,3518.972216
46.435415,629,3522.006055
46.464371,623,3526.472002
47.11571,640,3529.52185
46.103959,631,3532.556694
46.612098,644,3537.154301
46.091389,678,3540.443206
46.529718,650,3543.671439
46.642361,658,3548.457329
46.459517,628,3551.53567
46.850994,629,3554.591913
46.77927,664,3559.285693
46.189234,619,3562.250388
46.857937,654,3565.387173
45.639875,667,3570.166072446.222577,669,3573.438048445.805523,657,3576.667113446.899739,647,3579.838739446.809912,640,3584.746776446.561065,627,3587.777504446.765639,642,3590.833387446.111771,633,3595.4185834646.963504,639,3598.5454164647.05636,660,3601.82746.2347.049548,623,3606.45046.3046.208711,638,3609.60446.4446.914972,653,3612.8146.76547.137849,638,3617.646.829946.752068,648,3620.846.142646.434456,628,3623.946.896446.434779,647,3628.546.844546.407759,643,3631.46.7114546.792664,636,3634.45.9833445.918441,616,3637.46.5249547.236776,628,3642.47.2586046.894638,649,3645.46.9093846.714036,640,3648.46.3335447.519038,618,3653.46.9063547.062042,624,3656.46.9081746.907099,611,3659.47.2483246.789031,643,3664.46.8848646.689138,644,3667.47.4521146.675716,651,3670.47.0853246.593492,646,367546.85078547.639009,630,367846.73518246.239027,633,368147.00471646.829932,636,368646.4711046.870606,643,3689.47.100946.503979,635,369246.51686646.744216,641,36947.027802,46.570841,638,37046.989733,46.350039,673,37046.85694647.179664,636,370646.49569746.596236,629,371146.70212347.563277,619,371446.97374446.392443,649,371746.88654546.488361,660,372246.86159346.803125,630,372547.24731347.237549,654,372846.10391447.08642,655,373346.32604446.68493,643,3736.46.8089946.849912,654,3739.46.787946.640158,642,3744.546.139846.429174,641,3747.646.304845.928417,642,3750.46.7585747.232584,638,3753.46.7030346.012533,655,3758.46.1008447.007049,638,3761.46.4590846.569968,666,37647.040478,46.865402,641,37646.766091,47.119358,644,37746.856971,45.945561,652,37746.189738,46.523317,663,37847.005699,46.997349,659,37847.36565,646.528688,670,3746.236471,46.924189,628,37947.150804,43.788815,784,37947.243191,46.808576,631,37946.606967,46.49432,620,380335.331786,1236,3807.395376446.809671,660,3810.569988447.082235,636,3815.093935446.405545,644,3818.177808446.852546,654,3821.3398444746.97053,654,3825.969365445.987903,663,3829.15231446.400318,648,3832.237373446.460968,638,3837.066463446.794665,660,3840.344782446.18259,667,3843.602014
47.116453,651,3848.219886
47.022167,666,3851.402916
46.776183,641,3854.57641
46.412052,640,3857.636377
46.15826,647,3862.218539
46.912249,659,3865.460516
46.349074,635,3868.60394
45.679193,675,3873.671038
45.678408,671,3876.97022
46.770922,640,3880.10999
46.71886,646,3884.841894
47.486869,6544.151138,763,345.832998,46.391862,674,38945.991882,47.007154,659,38946.451727,46.323121,673,38946.736322,46.526127,623,39046.05887147.127599,643,39046.911522,46.110279,642,39046.809759,46.157865,662,39147.075704,45.919014,661,3946.874159,646.593804,646,3947.217632,647.237856,649,3945.104105,763,3929.675559
46.519736,646,3932.794666
47.628656,637,3935.850846
46.227166,647,3938.942739
46.104091,658,3943.601061
46.834524,647,3946.694817
46.187321,642,3949.752651
46.511286,619,3954.197833
47.58004,47.27277,644,395646.653119,691,3960.754232
47.445794,629,3965.566901
46.94273247.083384,634,396747.0158047.358425,654,397046.41148246.578459,631,397547.05388547.192519,643,397846.34350546.78537,635,3981.47.082146.174478,649,3986.847.104746.467533,631,3989.47.0768446.724421,649,3992.46.3238146.334581,631,3997.47.1557246.996116,618,4000.46.973358,638,4004.44741
46.730242,642,4007.533684
46.777732,646,4012.184484
45.88220545.812913,659,401446.77054946.209191,655,4047.020863,647.523491,607,4047.247377,647.122373,619,4047.411736,47.057256,625,40247.179558,46.862855,620,40346.727518,624,4036.772111
47.719797,619,4039.720643
47.144403,630,4044.27959
47.38846,623,4047.280238
47.416168,635,4050.412291
47.176008,636,4053.509192
47.63819,623,4058.039083
47.078791,630,4061.194581
46.704514,619,4064.273135
46.790944,632,4068.934008
47.727685,603,4071.868897
47.068123,47.246607,646,4047.612797,624,4079.196344
46.973561,625,4082.214544
47.445435,624,4085.311156
47.557399,647.355296,630,4047.228183,646.782809,635,4046.838246,47.65801,624,40947.40238,647.524978,610,4046.472497,646.395261,637,4147.332878,647.102801,637,4146.7979,63046.715426,624,45.658699,738,4114.829004
46.931581,629,4117.979103
47.50333,631,4121.057054
47.372786,617,4125.497134
46.343139,641,4128.582961
46.800663,613,4131.528833
46.819376,622,4134.498474
47.179868,619,4138.966457
47.312693,634,4142.109014
46.398155,655,4145.325923
47.126639,628,4150.168649
47.320449,646.872737,648,4146.955896,646.638895,638,4147.045437,646.690298,631,4146.53683,6146.801429,648,447.498541,647.175381,631,4147.044486,647.079368,626,4146.429035,647.341147,631,4146.433362,646.35706,633,41747.345903,46.922109,637,41847.426464,47.600626,606,41847.782306,47.251853,620,41846.656322,46.549762,630,41947.349103,47.697519,619,41946.788745,46.644771,635,41947.872121,47.445809,644,42047.0623447.155306,608,4206.47.3076746.587569,607,420846.93503847.800844,604,421147.15828147.709027,606,421647.11672,47.379438,641,42147.531623,46.982351,629,42247.417061,47.388658,626,42246.546132,47.643609,632,42247.269228,47.446572,646,42347.786428,47.008004,637,42346.502954,46.402892,631,4246.122629,646.729692,628,4247.761653,647.276377,628,4247.01888,6247.6541,625,42547.092365,46.768319,625,42547.029909,47.202235,625,42545.158847,47.125018,648,42646.20738,647.214328,636,4246.826547,646.869469,636,4246.625884,656,4272.232744
46.540345,623,4276.694204
46.737689,624,4279.709923
47.604221,614,4282.723904
46.802639,47.35192,619,428647.36487346.686161,629,428946.54485546.402623,617,429246.35899446.503649,619,429747.21998,47.708796,625,43046.697103,47.492743,644,43046.673578,47.167668,614,43047.884593,47.230767,631,43146.66059,646.772987,619,4347.648197,646.578911,622,4347.089259,644.882667,770,447.227452,6146.720708,619,446.712157,6347.017842,617,47.697278,60646.943487,629,47.272721,64447.2771241.58447.791063,6146.78261846.79047.23478,62847.33451747.2947.404612,6247.53144,646.2246.796778,46.547363,6146.6346.596571,41.491604,925,43546.668595,47.43291,626,435847.14507,46.963453,631,43647.386334,46.652129,649,43647.535082,46.899248,664,43646.379973,46.574273,623,43745.934351,46.360335,646,43746.83916,647.347038,637,4346.389026,647.179631,626,4346.893966,646.682273,619,4347.055536,444.457825,757,4391.248533445.592426,721,4394.709806446.915524,631,4399.54539.3147.052115,612,4402.56647.4447.157576,639,4405.66746.3947.761856,614,4408.64447.3947.449549,625,4413.16746.5247.070389,641,4416.2247.41146.450602,643,4419.2744.65646.975204,667,4424.0047.42447.465603,636,4427.1145.86347.23791,630,4430.22247.0446.657265,641,4438.8741.50245.86902,742,4438.50345.410959,704,4440.964463
46.991595,643,4445.61491
44.666673,756,4449.227332
47.599398,613,4452.199106
47.071357,636,4457.030387
46.681712,658,4460.234308
47.257638,630,4463.309751
47.121854,640,4468.172902
46.711941,607,4471.128685
47.26959,637,4474.205091
47.624374,628,4477.309944
47.27636,624,4482.123884
47.055473,634,4485.236745
47.117413,612,4488.2545.76745.633958,697,4493.485817
46.656338,619,4496.553532
47.269182,635,4499.719465
4647.227142,631,4505.1980814746.739309,630,4508.19534947.600974,648,4510.307606
447.312794,631,4515.75974746.739505,644,4517.953302
447.530655,650,4521.987856445.353315,682,4526.856622445.189768,756,4530.633119447.391549,625,4533.727144447.459147,607,4536.710196446.914653,625,4541.50351446.591224,637,4544.528312447.594551,625,4547.5872
47.685483,620,4552.135535447.60761,625,4555.213655
46.550274,649,4558.401919
46.549606,625,4563.260931
46.369832,678,4566.620045
46.820458,643,4569.818343
46.911501,631,4574.359145
47.400043,619,4577.460808
46.743704,623,4580.538776
46.57157,643,4585.47231
47.732063,625,4588.570066
47.287566,617,4591.585295
46.631702,626,4594.616644.847.25278,625,4599.2432547.47.000632,625,4602.3431647.46.823289,635,4605.4603645.46.816345,607,4609.889347.546.71965,624,4612.8806546.46.171869,655,4616.0289746.47.180624,631,4620.8695046.46.59557,613,4623.8040654646.527075,620,4626.7632084647.037051,630,4629.7645247.47.281996,631,4634.2991346.45.756172,673,4637.5157746.47.18096,624,4640.5456947.46.707716,624,4645.0220146.46.702348,613,4648.0274246.47.363639,637,4651.168054646.729435,649,4656.0638274647.074384,623,4659.0835864747.227873,606,4662.0102344746.476081,635,4666.8675345446.996319,636,4669.9918644746.587356,637,4673.1064146.46.799533,631,4676.209134646.506165,617,4680.9229794547.449841,613,4683.8397947.46.955231,620,4686.8112646.46.711703,643,4691.3663046.46.981176,643,4694.4486546.47.452657,630,4697.537847.247.312344,632,4702.41146.4447.125244,612,4705.4245.21947.286819,620,4708.4046.68646.750932,638,4712.9747.77646.931553,630,4716.0447.28447.100848,637,4719.1047.76446.827235,607,4722.0547.04747.210993,635,4726.47.2314646.277067,631,4729.46.8814646.904506,630,4732.47.4514747.25623,619,4737.247.650447.00186,625,4740.2946.59046.869683,653,4743.4747.25946.833154,662,4748.2046.67447.098861,636,4751.2446.59747.364738,632,4754.2546.58145.650943,690,4759.1646.76847.153724,622,4762.1844.95546.82342,643,4765.3047.25247.008655,626,4769.8546.79446.892729,613,4772.8347.44746.782445,618,4775.8247.14447.362641,622,4778.847.384447.318408,607,4783.646.854446.723802,624,4786.47.2714646.96194,613,4789.746.925447.437675,626,4794.45.5345447.655108,620,4797.46.880747.39166,625,4800.1747.08846.242677,631,4805.0246.52347.014492,612,4808.0347.51346.655806,613,4811.0447.07447.590259,622,4814.1146.94647.031587,632,4818.9547.44847.232512,605,4821.8446.98247.305364,618,4824.847.377747.122454,613,4829.346.911447.621528,612,4832.247.437446.040892,709,4835.647.237447.550925,625,4840.347.77747.624283,626,4843.4447.39746.901779,625,4846.4246.46747.113287,645,4851.2446.55747.695007,637,4854.2947.398444.305966,763,4856.547.147.47.15728,626,4859.547.347.119731,617,4864.308048.046.964934,606,4867.200747.447.341334,637,4870.242047.446.919546,612,4874.818147.447.036165,612,4877.874247.447.747626,634,4880.92047.2447.643247,626,4885.4147.43447.073592,631,4888.447.784446.999115,622,4891.447.412447.556399,626,4894.547.129447.311924,624,4899.047.734647.384959,613,4902.47.4147.47.055723,608,4904.47.247.047.33623,611,4909.346.947.46.290137,661,4912.45.0547.47.856021,611,4915.47.4448.47.954636,606,4920.47.6646.47.969796,602,4923.47.9348.47.38476,608,4926.24647.1046.892247,670,4930.94747.9147.537152,608,4933.47.47.2347.748679,602,4936.47.47.1447.736107,607,4939.47.48.1247.596054,610,4944.47.47.2948.13173,613,4947.047.47.447.249867,607,4949.947.46.47.734295,626,4954.6347.47.47.494606,614,4957.6447.4647.319483,600,4960.4948.24847.447116,608,4964.9047.74747.478925,611,4967.847.754747.510102,606,4970.747.814748.256676,608,4973.648.114748.039739,605,4978.147.147.47.246429,608,4981.048.048.46.700884,613,4983.47.6147.48.107712,601,4988.47.0047.48.009897,589,4991.46.9247.47.304098,589,4994.47.16447.301342,601,4997.0547.29447.885873,607,5001.5048.21448.15451,611,5004.48747.6946.83448,612,5007.422047.347.552215,613,5011.966747.47.82562,613,5014.9599984747.352755,619,5018.01418447.542185,608,5022.576413447.404131,611,5025.584759447.427467,619,5028.585898448.215538,606,5031.4937874848.075655,607,5035.9082774847.859614,595,5038.7566184747.089723,623,5041.71811447.612096,616,5046.181137447.788856,595,5049.0221647.48.119994,596,5051.8594147447.551404,596,5056.2500047447.848251,599,5059.241647447.433691,611,5062.2220947448.056682,617,5065.2442947447.738621,595,5069.6962344846.991973,646,5072.8779447.47.777157,617,5075.949944747.599711,583,5080.5514744747.583534,625,5083.5581346.47.833568,595,5086.452946.547.361412,594,5089.388947.847.643023,613,5093.91647.5648.136075,601,5096.87647.9247.990107,608,5099.85747.9347.27853,612,5104.340747.847.897784,600,5107.30034747.38293,595,5110.137307447.46781,619,5114.654707447.4908,614,5117.593561
48.050249,607,5120.579648
47.890953,595,5123.420515
46.28453,670,5128.242822
47.494608,612,5131.162257
47.057405,594,5134.054028
47.880188,607,5138.557683
47.871478,613,5141.613238
48.316891,607,5144.612723
48.0276,612,5149.048897
47.867606,608,5152.056546
47.292967,600,5154.993118
48.372995,596,5157.9061
47.984424,586,5162.448384
46.596403,653,5165.571316
47.576115,604,5168.529256
47.324589,596,5173.007742
48.159829,596,5175.900185
47.822179,608,5178.849965
47.708788,601,5181.776932
47.178354,583,5186.418013
47.768616,611,5189.347625
47.709906,604,5192.28154
48.064273,587,5196.916658
47.684685,609,5199.838339
46.584052,673,5203.040331
48.06041,599,5207.497748
47.886488,607,5210.444408
47.486688,613,5213.383559
47.530217,583,5216.168766
46.932382,629,5220.698154
48.085835,603,5223.674018
47.425873,607,5226.661802
47.145136,607,5231.400955
47.195344,598,5234.29114
47.301692,600,5237.1615514847.75467,607,5241.569521447.395159,599,5244.512067447.556186,595,5247.4721284748.302525,595,5250.3658034747.660846,602,5255.0838514747.878206,594,5257.9817134747.469412,595,5260.8971674847.459677,583,5265.5174274747.853509,594,5268.4284334747.220004,595,5271.2679634748.064458,601,5274.1350224747.824078,606,5278.5205184747.497744,589,5281.3920914747.981211,608,5284.308047.647.318461,625,5288.935747.347.136468,606,5291.896646.747.221725,600,5294.793947.247.441613,613,5299.22024746.086546,661,5302.3768394847.381648,618,5305.3491284747.440013,643,5308.461081474741.662247,973,5313.8474746.47.047628,607,5316.8004747.473574,613,5318.8280146.47.47.407132,608,5324.1945.47.192125,610,5326.2293347.48.11217,613,5329.2348024747.727925,610,5333.6541144747.479812,608,5336.5591864746.880764,622,5339.6163834747.603901,644,5342.7926084747.354577,606,5347.1916948.46.87459,661,5350.4016484747.096111,623,5353.4288864748.077322,601,5357.8040974747.921324,605,5360.7148754747.433372,620,5363.6975934747.526422,589,5368.0158994748.107578,601,5371.0089274747.338728,620,5374.0870494747.587951,590,5376.9751024748.127742,601,5381.4479347.46.89524,612,5384.3902446.47.187193,613,5387.3782447.47.216536,596,5391.8472247.47.742234,607,5394.7807747.46.870489,618,5397.86547.8447.077127,611,5402.39947.5347.643898,595,5405.34447.3347.518726,613,5409.2847.36246.575044,655,5412.4847.29247.037617,613,5417.0247.35847.611978,617,5420.0548.02147.159939,607,5423.0446.67447.539059,606,5427.5747.3447.814309,605,5430.604748.147.994012,607,5433.504747.147.872821,607,5437.94747.247.857757,602,5440.91444.197602,743,5443.494303448.062182,602,5446.437802474745.358458,734,5451.92404745.433797,709,5454.3970244748.07375,605,5457.387094448.008743,608,5461.8863194747.530706,577,5464.6767544746.800016,626,5467.7479394747.841069,601,5472.26326446.766699,676,5475.601371447.429941,589,5478.537497447.077153,595,5481.407246447.854025,601,5485.764253443.284051,846,5489.794899
47.247237,619,5492.776743
48.193375,601,5497.14969
47.059555,613,5500.075808
47.75064,613,5503.024724
48.260443,608,5507.499851
48.003586,601,5510.376747
48.220254,617,5513.322696
48.543964,604,5517.701363
46.825084,620,5520.65747
47.173469,600,5523.539536
48.292541,596,5526.448657
47.598734,583,5530.804379
47.228301,591,5533.714784
47.71945,600,5536.647093
47.648049,636,5541.534547
47.515462,602,5544.464082
47.537001,605,5547.348651
47.333058,595,5550.20312
48.055308,595,5554.874441
47.718567,601,5557.737963
48.388941,577,5560.509198
47.332025,591,5564.841362
47.169293,593,5567.666767
47.178832,600,5570.584019
47.111889,601,5574.944766
46.762003,637,5578.050423
47.842279,614,5581.044466
47.648815,593,5583.905361
47.713658,606,5588.397458
47.688695,595,5591.325483
47.562077,590,5594.247485
46.936192,607,5598.69682
47.40681,589,5601.497507
47.297644,594,5604.330792
47.868531,618,5607.306181
48.185993,606,5611.989818
47.170208,599,5614.953535
48.048599,595,5617.873613
47.208643,594,5622.223666
47.929291,607,5625.11024447.126032,607,5627.986902446.996999,607,5632.639975447.478041,593,5635.516525447.15022,596,5638.354651
47.787251,582,5641.218844447.460263,614,5645.976658447.218277,608,5648.895076447.8651,601,5651.755367
47.775714,588,5656.084553
47.872858,603,5658.971411
48.124409,606,5661.881677
47.57967,597,5664.840152
47.192818,596,5669.221841
47.645923,646,5672.34535
47.751691,593,5675.188524
47.724377,601,5679.544325
46.789544,607,5682.453784
47.571147,605,5685.378158
47.298357,605,5690.114607
47.306125,589,5692.925928448.269109,596,5695.796542447.544487,601,5698.67348
47.506688,607,5703.33711
48.261611,601,5706.344262
47.051663,589,5709.284175
47.715973,590,5713.610919
47.732646,605,5716.504034
47.271088,607,5719.422989447.15636,583,5722.213165
47.122629,588,5726.501003
47.071791,596,5729.358575
47.140107,601,5732.238639
47.489112,590,5736.852057
47.919271,595,5739.775522
47.350825,601,5742.68835
47.630368,584,5745.505755
47.830807,599,5749.896165
47.147685,605,5752.814745
46.866073,613,5755.77379
46.896849,595,5760.214947
47.665129,602,5763.217174
47.360098,596,5766.081171
48.450356,590,5770.515712
47.586257,592,5773.356874
47.413198,601,5776.263391
48.165862,595,5779.190516
47.747893,589,5783.816933
47.853038,598,5786.720633
47.399211,588,5789.649404
46.973292,608,5794.112909
47.123333,596,5797.022629
47.821307,596,5799.9355714747.316596,583,5802.7976347.47.355974,601,5807.535547.48.068948,582,5810.349347.247.261866,616,5813.359648.047.515465,596,5817.971447.548.137116,594,5820.903147.847.218544,606,5823.875747.247.701595,594,5826.793247.847.238609,611,5831.507047.347.178355,604,5834.517746.847.160397,601,5837.50248.0247.820624,601,5841.95647.5347.746288,595,5844.88247.0947.344278,610,5847.82347.7346.882458,607,5852.27047.1347.261398,588,5855.12447.4647.521082,619,5858.17947.5147.919706,596,5861.08847.1047.337978,612,5865.5447.05547.378437,607,5868.5348.12646.366578,659,5871.6847.96547.269541,614,5876.3948.40448.107914,603,5879.3747.14747.205729,605,5882.334747.446.836152,686,5887.154747.948.154343,600,5890.047.47.047.865629,601,5892.947.47.047.955522,605,5895.948.48.47.320531,601,5900.2947.47.47.551378,596,5903.1647.47.47.129167,595,5906.0247.47.46.864136,596,5910.4947.47.47.398172,607,5913.47.5347.47.281931,619,591647.648.1747.507827,613,592047.47.48247.47293,607,5923.47.47.3247.088438,611,5926.47.48.0947.741139,602,5929.47.47.3846.448309,666,5934.46.47.6147.646818,608,5937.47.48.0847.321278,602,594046.447.6746.759615,623,594447.548.1447.400618,614,59474747.797247.049204,613,59504747.956948.071602,607,59554747.490747.93879,613,5958.4747.4947.054663,619,5961.3448.07347.338126,613,5964.3446.73446.717256,655,5969.0448.12946.953357,648,597247.47.53346.929757,605,597447.48.04446.940555,667,598047.47.42547.198961,605,598347.47.95947.577534,595,598547.47.13047.210474,602,599047.47.4147.344674,601,5993.47.45.8247.269587,600,5996.47.48.0347.466288,624,5999.4747.4648.155765,589,6003.844.596146.448019,673,6007.0447.85648.296465,584,6009.8447.62945.959396,697,6014.848.162147.090911,619,6017.748.12147.504085,585,6020.6647.69247.347804,608,6025.147.68848.302972,602,6028.0848.02047.646908,590,6030.9848.2148.190315,593,6033.83246.6847.858059,618,6038.31848.3247.097223,620,6041.30247.9048.30182,595,6044.178747.648.083575,583,6048.553447.548.142261,596,6051.476447.348.181413,584,6054.354447.248.146409,601,6057.311447.847.466941,586,6061.923447.948.044245,614,6064.90546.7048.62299,601,6067.861547.747.964004,589,6072.217247.848.204088,583,6075.026147.847.830083,590,6077.847.906647.409878,582,6082.148.075747.624551,593,6084.948.105748.238464,588,6087.847.894248.237536,595,6090.647.794748.165355,583,6094.947.829748.12725,603,6097.8947.82047.926662,588,6100.8148.16848.079568,583,6105.2248.18048.333488,601,6108.2447.56946.741307,623,6111.4847.59147.636548,588,611448.46.84247.861911,597,611847.47.9547.98267,590,6121.248.48.348.462054,595,6124.047.48.447.927202,588,6128.347.48.346.658663,626,6131.448.47.45.865367,727,6135.0327948.47.696099,607,6139.4880647.48.404021,588,6142.326985
47.894278,578,6145.204248.848.15779,584,6147.946.447.47.474089,619,6152.447.752048.329269,584,6155.247.698948.000483,596,6158.047.52047.614749,590,6162.4445.82648.539254,601,6165.3148.12748.200584,571,6168.0947.84048.083039,577,6170.9147.48047.829895,583,6175.5148.68248.034764,584,6178.3048.21847.607973,571,6181.0248.24147.822115,576,6185.2947.48848.531911,588,6188.1047.21447.836308,583,6190.9747.76048.901682,571,6193.7647.948.633503,595,6198.230947.848.059732,571,6200.996448.048.283911,569,6203.718248.048.465939,575,6207.990848.47.720208,566,6210.7819447.48.767254,583,6213.5654848.48.226504,577,6216.348.48.247.968883,571,6220.548.49.048.286634,578,6223.347.48.347.889782,571,6226.14748.2348.4317,582,6228.9564848.48.438297,587,6233.2454748.48.008305,583,6236.020484848.603363,572,6238.7678474747.455757,559,6242.9448.64748.34871,584,6245.71948.3448.563662,577,6248.51448.4748.397661,578,6251.3648.14848.385305,582,6255.7848.54748.516816,583,6258.648.564748.356022,589,6261.447.574848.18647,577,6265.7247.48447.433972,583,6268.547.060447.407125,584,6271.448.059447.451062,583,6274.347.562448.32749,590,6278.8448.54447.623063,572,6281.6947.26448.385426,589,6284.6248.47447.464884,577,6288.9948.81448.377185,583,6291.8148.3448.53408,582,6294.598148.348.557151,576,6297.439948.048.030825,590,6301.783747.48.186875,624,6304.8932748.48.227075,589,6307.705248.047.549348,589,6312.015447.348.316734,595,6314.880248.548.280211,595,6317.75948.0847.698479,584,6320.547.833648.02678,571,6324.7747.83847.839069,599,6327.6547.95348.24219,583,6330.44648.1147.691678,583,6334.75047.7447.747677,576,6337.448.092847.481321,589,6340.47.9038448.050027,589,634348.61073848.427807,578,634747.76552,48.662254,584,63547.682395,48.220049,583,63548.48710547.722117,637,635747.57777748.224639,589,636047.56796348.057497,591,636348.16323148.188153,577,636648.12928,47.424369,642,63747.577956,47.837841,577,63747.53889,547.995802,580,648.529202,5848.103972,596,648.173828,6048.655859,578,648.387075,5946.414629,686,646.739411,6448.567346,601,648.313917,5448.348271,571,647.833513,5448.470364,578,647.925156,5448.190924,571,47.37168,643,47.828607,5948.026112,578,648.080932,5748.533043,5874748.203854,5748.058161,601,647.965437,5848.49186,5847.648.028343,548.361589,5947.747.738271,548.830943,5848.47.71549,59647.783042,574748.872737,57847.757382,547.48.015066,58447.932789,547.48.035656,548.251376,57848.48.52376,5848.471928,5954747.824922,5848.637342,5848.48.185911,5948.507061,5548.48.405081,548.322509,6048.148.675251,548.187089,547.8048.367804,548.442607,548.0448.36329,5947.977109,547.48.421817,58347.993273,47.948.118226,59448.003399,47.848.515927,57248.716587,48.48.553079,577,47.550657,47.47.764225,596,48.199353,48.47.350522,596,48.860662,47.48.167477,58947.676065,648.47.869521,60848.670704,548.47.448429,56647.266532,47.948.507263,58347.975629,48.148.24689,578,48.15056247.848.128553,594,48.76401848.246.109061,661,48.65287148.648.119148,584,48.138047.49748.316402,577,47.55148.165748.344021,578,48.46348.839248.591119,58347.206148.848047.821925,57648.329648.304048.351041,58947.652048.197248.545289,58348.046247.687347.130859,60748.106047.921348.512431,59048.620248.454447.916508,5848.5453247.757147.979064,5848.2686347.89648.000752,57748.6977447.84347.771192,57147.6980148.18047.736536,58347.6821047.47948.493706,57148.21201447.9048.02234,594,48.4536644747.574164,576,647.93432544847.416194,589,647.35303344847.901416,576,647.50041644747.65778,590,6547.5757348447.133925,614,6547.7765248448.550736,584,6547.8347648.47.585973,589,6547.8525547.47.489524,619,6578.7017447.47.820454,582,6581.5224647.48.388112,565,648.160148.6548.557782,595,648.164747.6648.204178,584,647.655448.2548.690288,588,648.442448.2247.84384,589,6547.374748.148.132558,589,6648.86474748.03994,594,6604.47.9748447.831735,577,6607.48.4048.47.819776,583,661148.1804848.218368,590,661448.47844748.345311,595,661747.67044847.570898,595,662148.0484747.615106,582,6624.4182284848.417194,596,6627.2616034848.416488,577,6630.0123774847.953441,607,6634.3979294748.283443,577,6637.1591164748.076951,578,6639.9415044848.092197,590,6644.31008448.163681,589,6647.2083264848.190696,595,6650.0794224747.912833,578,6652.8829847.47.656849,589,6657.5174248.48.349757,588,6660.3283947.48.034546,623,6663.335654847.981908,583,6667.6316847.47.7384,590,6670.465161447.434742,596,6673.367098447.470077,581,6677.643224448.479727,596,6680.5015614847.443606,583,6683.2850584747.980419,577,6686.0493614847.961688,578,6690.31844447.764383,578,6693.187429448.596822,57747.156752,625447.874748,57748.384166,584448.481328,58447.552937,547448.31589,589,47.484751,54447.835466,600,47.747713,54447.412906,590,48.121872,54447.400439,614,6716.4510034748.051416,595,6719.3383764747.736615,577,6723.5810064747.60339,577,6726.3636984447.286053,649,6729.488837447.774259,577,6732.244164447.650968,583,6736.553679447.60945,584,6739.391543
47.632162,588,6742.283775
47.582881,583,6746.936971
47.567095,608,6749.927667
47.776592,577,6752.671869447.314244,584,6755.4537554647.374445,582,6759.7863524747.398278,590,6762.5981124747.692556,614,6765.5548684747.755477,620,6770.1615647.47.744444,578,6772.9406847.47.963065,584,6775.814347.848.186035,583,6778.719447.947.064776,596,6783.148147.547.18612,632,6786.307147.547.380223,631,6789.45548.3448.549363,592,6793.91947.7847.722147,596,6796.7747.0147.743427,576,6799.53348.48.378905,589,6802.3774147.47.551144,584,6806.848384748.683459,583,6809.6302946.47.807506,589,6812.4811547.46.970747,613,6816.9404748.47.314627,607,6819.8305047.47.29231,594,6822.6581184747.452747,577,6826.9238414848.152072,589,6829.8562774748.696218,578,6832.6910824747.281948,584,6835.5466414847.820684,595,6839.92979448.119905,578,6842.7469748.47.417573,614,6845.7202848.48.197124,595,6850.413747.847.969724,578,6853.262748.48.03822,578,6856.1502384847.691575,578,6858.9986944847.7202,566,6863.51031
47.578046,578,6866.391716
47.289507,578,6869.262275448.058191,583,6873.8853844748.111782,577,6876.7270394847.979726,579,6879.4972194848.131418,590,6882.3357684848.303005,584,6886.621
47.707553,613,6889.644383
48.262916,578,6892.492522
48.25473,583,6897.093079
47.991454,584,6899.981104
47.830737,572,6902.795902
48.07257,578,6905.64228
48.335672,572,6910.191495
47.066324,589,6913.005115
47.715682,578,6915.806821
48.123511,595,6918.746.961947.603275,589,6923.47.7870747.445339,602,6926.47.4039148.315817,578,6928.48.0532347.955427,577,6933.48.2259648.055012,577,693547.91382,47.564317,625,69347.866126,48.221811,578,69447.909294847.355273,590,69447.526904747.776184,602,69448.098854747.988034,614,6951.9868194748.014797,602,6956.3709874647.167061,625,6959.3673014648.149652,590,6962.2096044748.468416,590,6966.5209534747.964976,607,6969.4224184748.415582,577,6972.1825274747.681757,601,6975.1117234747.329408,601,47.210201,64748.120592,596,47.241953,54747.879402,570,47.674076,54647.330695,619,6989.8399234747.793781,591,6992.7524884748.022644,577,6995.5867764847.682169,577,6998.4291844848.089236,572,7002.9433634747.237367,57847.109172,614747.427487,59347.809408,574848.382881,59647.750308,647.48.583961,58447.684719,4747.661555,578,747.367828,4748.610671,583,747.782971,4848.692479,571,747.905632,447.395673,584,7047.984687,448.46301,572,7048.093468,547.968518,602,7036.301397447.640318,571,7039.145605448.544159,583,7041.96556448.261224,583,7044.752106448.533374,572,7048.976649447.977386,571,7051.8031894848.402906,571,7054.6556874847.924404,571,7058.9831954847.557475,565,7061.7103444847.832025,560,7064.4784314848.119219,565,7067.2520914848.667279,566,7071.5359994847.973752,565,7074.2729924848.175115,560,7077.0646834748.589912,560,7079.8558064748.660775,566,7084.1104734748.322976,572,7086.8465154848.468214,560,7089.5201284848.295494,571,7093.7489344747.7977,601,7096.728348448.480785,565,7099.478969448.61366,566,7102.200548
48.253419,565,7106.441277
47.79111,554,7109.160995
48.351804,559,7111.846206
47.75246,559,7116.11039
48.044409,577,7118.930682
48.394091,553,7121.599787
47.692063,565,7124.402854
47.664718,583,7129.019162
47.949984,565,7131.821256
47.758584,559,7134.518108
47.731194,559,7137.280962
48.157184,565,7141.573687
47.835787,570,7144.360006
48.511692,560,7147.028103
47.67793,571,7151.237149
48.078518,566,7153.932988
48.137678,584,7156.747183
48.390362,583,7159.656704
48.056879,559,7163.839971
47.283943,553,7166.542226
48.123272,554,7169.337526
47.830776,566,7172.163005
48.397661,565,7176.493175
47.917187,559,7179.270204
48.010198,553,48.339325,57747.958263,560,48.423647,55448.749796,565,47.902756,56048.53383,565,748.54143,56548.399285,565,48.624201,56548.416989,571,7198.69988
48.272819,565,748.15157,57148.59257,565,7204.145384
47.897444,565,7208.658413
47.805786,559,7211.403622
48.486767,565,7214.221464
48.409905,566,7216.942377
47.749629,548,7221.267499
47.84559,553,47.953669,56448.129508,547,47.811075,55348.634976,565,48.15983,559,47.928621,55948.731796,572,48.894307,55347.923625,554,48.331776,54848.306881,560,48.649727,55948.211087,554,48.445634,55348.093895,566,47.73516,5548.450676,554,748.399451,5647.693913,559,7448.738744,548.048677,565,4848.078377,547.826645,5548.21496,569,748.051726,5547.342043,565,747.276293,5748.164117,565,747.897328,5648.086296,553,748.139027,5748.228375,565,748.312754,5548.747728,559,48.056097,57748.148.534298,47.986384,56048.848.058692,48.931236,55948.347.439713,47.982285,56548.148.169531,48.363491,5647.7548.557288,47.835811,5548.047.753922,583,7296.302748.647.711785,559,7299.056548.148.003826,571,7303.53548.5948.58759,559,7306.207448.248.142572,566,7309.025147.748.943881,565,7313.24348.6648.516493,559,7315.91048.3548.146513,557,7318.57447.9348.671887,552,7321.23948.6747.922686,559,7325.4248.0548.65816,547,7328.089947.848.08847,548,7330.7905048.47.909248,559,7333.5374048.48.362814,560,7337.7455748.48.050324,542,7340.379148.048.859662,559,7343.047748.548.659879,547,7347.22448.4448.591579,547,7349.96548.2648.673904,553,7352.65148.7848.716459,565,7355.3348.26447.880203,546,7359.4548.55047.89966,566,7362.16148.3648.456607,553,7364.79748.648.272994,553,7367.427448.248.57673,554,7371.5803547.47.86179,554,7374.2195854848.507521,547,7376.8259648.48.855924,560,7380.9926348.48.699694,554,7383.7326248.48.941969,555,7386.435448.247.985503,548,7389.126748.748.492262,553,7393.611248.347.977643,553,7396.34848.348.363824,559,7399.119748.48.111753,553,7401.840447.948.922028,565,7406.29647.8248.544844,553,7408.9247.90947.873617,565,7411.6347.86548.536577,553,741548.6177,548.570799,548,7448.16360448.82091,553,7421.48.8603047.982421,5348.086347.7209147.956245,5547.804448.8122148.030991,5548.00048.743841,565,7432.594944
48.76363,560,7435.312018
48.683717,547,7439.399137
48.158661,571,7442.121933
48.013691,577,7444.87115
47.762099,564,7449.393609
48.542566,554,7452.120156
48.784542,559,7454.796419
47.861826,552,7457.418859
48.944141,553,7461.548597
48.493822,547,7464.174845
47.982339,577,7466.918008
48.061515,554,7469.580859
48.762024,546,7473.737857
48.488389,560,7476.448862
48.601421,553,7479.08285
47.977163,559,7481.834305
48.869824,559,7486.041737
47.809182,541,7488.642523
48.130619,547,7491.256482
47.811896,547,7495.622258
48.213071,547,7498.271357
48.027734,547,7500.984057
48.569088,547,7503.657248
48.267804,553,750848.56718448.386759,48.356738,578,7548.255107,548.386635,559,7548.670505,548.247048.04597847.968623,548.216841,553,7548.26373,5548.61681,566,7548.092449,548.114573,553,7548.717378,548.9006,553,753148.71431249.000946,48.0247547.90484748.985419,47.7500448.75042648.916577,48.6081448.56567248.418131,48.5458149.06341948.955324,48.4346448.43590448.360871,564,754948.38499,48.927886,546,75548.477443,47.969655,556,75548.572814,48.501848.403284,48.600069,48.914548.727077,47.77212448.956941,558,756548.31130748.464653,565,756848.36643548.698144,554,757148.56346747.921773,552,757348.17059148.473296,552,757748.2542048.06520547.955744,48.0199047.855901,595,7583.48.2402548.890669,565,7586.48.781348.978091,565,7590.48.5100648.090603,559,7593.48.6934048.180841,564,7595.48.279948.902313,565,7600.348.956448.887695,575,7603.148.145848.40413,564,7605.9647.97448.026616,577,7608.7748.13548.391777,563,7613.048.334448.000468,559,7615.48.1227847.845749,571,7618.48.3965648.451342,559,7621.48.7299048.226613,560,762547.14181648.062251,589,762847.9450347.670913,565,7631.48.7916847.572855,559,7635.47.9223847.827741,553,7638.47.7284748.827067,571,7640.47.8559447.79966,565,7643.448.346548.036322,595,7647.848.853048.180801,564,7650.448.12947.875015,570,7653.248.356348.166034,571,7657.47.5989147.87433,565,7660.548.823048.624502,565,7663.348.559048.559012,565,7666.148.809648.267067,554,7670.648.893448.805505,576,7673.447.889748.248121,577,7676.348.323449.056031,553,7679.048.943249.062253,558,7683.47.8725548.787017,565,7686.48.4799848.589267,547,7688.48.3123948.088535,553,7693.47.8743948.129715,552,76948.184257,48.813543,571,76948.19945,548.244944,565,748.678822,5548.488423,565,747.828075,48.508276,565,77048.368349,48.71356,572,771148.69518148.240514,565,771447.7494848.130205,566,7718.48.3414548.027755,552,7721.48.4768048.314316,565,7724.47.871848.399961,564,7728.548.665948.015505,576,7731.347.804848.219309,570,7734.147.956748.366512,558,7736.848.447948.295124,551,7741.348.764948.725995,565,7744.048.633948.797843,563,7746.748.690148.525941,565,7751.248.919248.755519,553,7754.048.734548.04171,569,7756.7847.7248.27282,541,7759.400248.149.058429,565,7763.608648.148.6603,564,7766.3418794848.457711,565,7769.1186924848.950574,552,7771.8256614747.787347,559,7776.0525814848.602897,564,7778.7726284847.644869,559,7781.43248.4748.582351,565,7785.6044847.48.089108,558,7788.3748.48.48.197073,577,7791.2548.48.48.382645,564,7794.0248.48.48.657807,559,7798.148.047.48.732576,553,7800.848.548.48.089867,559,7803.448.548.49.159973,564,7806.248.148.47.669097,565,7810.748.148.48.035878,607,7813.747.948.47.856492,571,7816.448.48.648.531397,553,7820.748.48.448.062881,577,7823.648.47.848.686268,577,7826.447.48.548.511092,564,7829.247.48.348.409597,577,7833.48.348.848.580113,576,783648.1548.948.5282,569,7839.448.26448.039198,565,7843.9948.34448.39588,570,7846.72248.7448.774673,564,7849.45448.1448.333918,564,7852.14948.0447.658665,558,7856.30647.8448.936707,570,7859.0348.34848.267426,571,7861.8848.64847.867189,563,7864.6848.94848.571015,565,7868.9548.44847.76224,582,7871.8047.94448.794769,558,7874.4848.84848.461634,565,7878.9048.24747.799956,562,7881.6748.48.48.787682,570,7884.464847.847.943146,570,7887.204748.248.976207,560,7891.364848.848.168205,558,7894.048.48.148.432236,600,7896.949848.047.939369,563,7901.164948.148.057802,559,7903.48.849.48.661711,570,7906.647.748.48.43135,564,7909.3348.14747.978729,571,7913.5701744848.708173,558,7916.3553644848.683671,553,7918.9748.04848.487945,556,7921.6547.84847.672033,565,7925.8348.47.48.254755,558,7928.549.48.848.546545,570,7931.349.48.048.315842,571,7935.6448.16647.885742,553,7938.4848.26048.792729,553,794048.48.48048.419132,595,79434848.013949.028383,559,79484848.845348.802565,569,79504848.729948.76093,575,7953.5848.25848.74457,559,7956.24848.9048.342612,564,7960.64848.8048.092858,564,7963.40747.9649.333366,564,7966.08748.3748.034745,558,797048.948.1648.425544,564,7973.01948.3248.808869,567,7975.71448.0848.553238,558,7978.45648.7448.9506,565,7982.7771048.48.894194,552,7985.4827048.48.25073,546,7988.1967484848.965929,546,7990.8026794848.739609,558,7995.020224948.693166,570,7997.7634534848.201145,559,8000.4263014847.838695,557,8004.6385224848.097301,564,8007.3609244848.478028,570,8010.07655447.835435,575,8012.821489448.351888,570,8017.019834448.495605,558,8019.681299448.719089,559,8022.35146
48.960974,558,8025.012732
48.469263,564,8029.1924
48.587211,577,8031.938128
48.224222,559,8034.596882
48.682473,564,8039.059485
48.015193,571,8041.873184
49.029364,569,8044.644335
48.961559,571,8047.388032
48.150195,557,8051.578702
49.203518,553,8054.372542
48.384578,571,8057.159058
47.881046,571,8061.407619
47.794574,587,8064.203727
48.860913,575,8066.968293
48.028373,559,8069.752077
48.648725,553,8074.048142
47.952468,559,8076.760231
48.105689,566,8079.50172
48.637851,553,8082.21786
48.027724,565,8086.596385
48.494223,575,8089.452795
48.155382,566,8092.265179
48.065486,571,8096.603769
48.417014,563,8099.322712
48.512404,570,8102.059072
48.823669,571,8104.774183
48.203479,575,8109.030315
48.380045,570,8111.773768
48.730755,569,8114.619228
48.202505,577,8118.930225
48.463551,552,8121.584285447.950705,570,8124.367373448.322069,569,8127.17436
48.029035,576,8131.559175
48.858927,565,8134.387495448.791061,559,8137.1686344849.022869,575,8140.0315424849.013827,567,8144.3721384848.841494,583,8147.1924248.48.654223,569,8149.8947148.48.672728,562,8154.1056648.48.619902,582,8156.9077448.48.443153,572,8159.6920748.47.924459,562,8162.4647548.48.291002,565,8167.0341148.48.145909,570,8169.841249.048.390812,559,8172.51748.8648.691681,559,8176.67848.349.009937,559,8179.341048.47.861474,568,8182.1928548.48.938425,571,8184.9545148.48.608191,556,8189.114848.048.247066,563,8191.820348.748.127929,576,8194.583648.447.840032,564,8197.362948.848.73469,562,8201.6917048.47.79921,592,8204.5932814848.039373,594,8207.44484448.358301,587,8211.747606447.970864,575,8214.546007448.650741,569,8217.317456448.049603,564,8220.120645448.645134,563,8224.39809
49.053121,562,8227.11633
48.211528,553,8229.763254448.025552,576,8234.15352
48.841811,559,8236.842638
48.796302,562,8239.538685
48.20037,577,8242.294758
48.300898,559,8246.509477
48.838718,568,8249.239097
49.131031,563,8251.940054
49.246895,552,8254.589123
48.446425,576,8259.172959
48.821801,570,8261.960841
49.35404,558,8264.728041
48.095955,576,8269.118303
49.073535,579,8272.012565
49.017377,565,8274.770437
48.378982,587,8277.63462
48.340515,558,8281.909314
49.082334,562,8284.590514
49.188156,559,8287.239186
48.671832,583,8291.505917
48.092104,564,8294.274875
48.062911,559,8297.044711
48.765996,569,8299.769964
48.653308,592,8304.154468
48.715146,552,8306.841022
49.234771,563,8309.5289
47.588084,575,8312.314446
48.970827,558,8316.791599
48.47644,563,8319.492684
47.842544,565,8322.201947
48.663272,564,8326.393429
48.921629,552,8329.055323
47.411226,587,8331.89706
48.601399,558,8334.578751
48.839764,569,8338.823488
48.087341,553,8341.472602
48.517074,563,8344.158975
49.346916,557,8346.903376
48.056954,569,8351.491931
48.714094,563,8354.261573
48.417393,562,8357.025657
48.405014,559,8361.327648
48.176396,552,8364.070009
49.425035,559,8366.823546
48.588266,552,8369.538765
48.959029,558,8374.031919
49.34814,554,8376.761875
48.973044,552,8379.477659
48.472928,553,8382.195828
48.232883,559,8386.728836
49.158515,583,8389.596926
48.732179,557,8392.3114664848.571061,559,8396.6214348.48.009398,557,8399.370248.849.000177,552,8402.050149.448.456142,564,8404.736848.949.105579,575,8408.997949.148.877467,558,8411.6648.41148.919274,556,8414.3149.06748.87728,571,8417.07948.0148.416856,601,8421.50748.448.955407,570,8424.315048.848.948794,571,8427.120749.049.509866,547,8431.330448.949.041996,569,8434.146248.548.532779,570,8436.87749.2749.412115,552,8439.50848.4748.283058,563,8443.71748.5748.877291,564,8446.4148.77749.019512,570,8449.1949.06048.811759,559,8453.4448.96748.794531,557,8456.2049.09748.765926,565,8458.9849.22148.890168,557,8461.748.350649.155835,571,8466.048.544548.191067,569,8468.849.019348.26017,565,8471.5248.93349.284724,576,8474.3449.27848.696488,558,8478.6548.28748.963319,567,8481.4049.12048.150966,558,8484.0948.75248.036956,571,8488.3048.17149.088693,564,8490.9848.5948.663327,577,8493.77449.1648.890946,571,8496.5848.93248.594242,582,8500.8848.83148.939964,564,8503.749.051449.281798,564,8506.449.140348.006795,570,851048.26481348.924595,568,851349.09077448.76879,565,8516.48.5422848.242076,569,8519.48.8903649.190568,564,852348.19379749.181954,553,852648.65935449.210261,565,85248.20762,548.303641,556,8548.670478,47.766248,577,8548.735072,548.634466,571,8548.551944,548.274681,569,8548.410828,548.461366,589,8548.635922,548.978185,570,8548.143057,549.376884,569,8548.691077,548.980091,558,8548.499746,548.080619,587,8549.55995,5548.613802,571,848.037942,5848.781114,582,848.413689,5649.063736,553,847.660284,5648.646486,553,848.455093,5548.90283,565,8549.452792,548.614201,574,8548.584711,549.343635,571,8548.520366,548.661909,575,8548.457754,548.659485,582,8548.306488,548.93408,580,85849.416015,49.556238,565,85948.799372,48.69148,571,859648.34227149.073942,583,859949.04493348.936533,577,860349.36386248.993186,570,860648.29927648.775331,576,860948.48232648.859478,564,861249.3502548.273617,570,8616.48.8291048.810115,559,8619.48.7499548.476233,559,8622.48.4032149.021872,569,8626.49.2696148.86107,558,8629.049.076748.443733,552,8631.748.705548.812107,558,8634.449.008148.794166,581,8639.147.778847.861182,589,8641.948.725648.7741,565,8644.66448.8848.317734,576,8647.47148.5648.711424,552,8651.68048.8448.37495,577,8654.491048.548.777615,570,8657.211848.848.71354,559,8661.382148.848.980163,588,8664.261448.949.220105,570,8666.980848.948.523141,547,8669.623249.248.963426,565,8674.096548.248.41338,558,8676.7834549.48.487643,584,8679.5979948.49.07809,594,8683.9340144848.551013,559,8686.7091724948.285585,554,8689.4302848.49.441778,588,8692.2278348.48.101623,582,8696.492348.648.480987,570,8699.297549.48.298078,558,8701.9709849.48.519209,565,8704.6628449.48.187625,571,8708.8743549.48.427477,553,8711.506048.749.496141,558,8714.187048.248.704265,577,8718.658349.648.429538,558,8721.32848.6648.882106,571,8724.07548.8848.513919,553,8726.7449.32748.933489,565,8730.9348.18149.275307,576,8733.6848.65149.180699,576,8736.5049.39348.823116,559,8740.6749.08649.379787,553,8743.3248.73249.203307,571,8746.0448.84149.240404,570,8748.8748.35848.954963,570,8753.248.913048.642091,557,8755.849.222948.305064,553,8758.549.098048.634236,552,8761.148.846949.152298,565,8765.48.4838348.953669,563,8768.48.1840948.262719,576,8770.48.8815049.646768,559,8774.48.9458549.023771,565,8777.48.317648.596087,558,8780.348.438648.463508,565,8783.048.644849.204129,569,8787.349.187749.320155,575,8790.148.801949.170081,553,8792.849.279649.100067,581,8795.648.732049.478169,559,8799.849.673648.362732,550,8802.448.329348.806569,545,8805.48.6119348.313612,565,8809.48.9577649.023657,558,8811.48.350249.114025,553,8814.648.388548.578322,564,8817.347.91448.347563,559,8821.7848.68048.946993,558,8824.5449.50348.991588,552,8827.48.6355949.297055,565,883048.97826648.989657,553,88349.041017,49.045382,560,88349.085451,49.028446,571,88348.673618,48.234651,582,88448.5667,5848.491266,565,49.229488,55948.309399,558,48.763483,55948.813903,583,49.153376,55848.962471,583,48.716107,56548.38057,565,848.618861,5548.949092,574,848.545552,5549.327289,576,849.169119,5648.270511,595,848.406109,5549.293259,565,848.633005,5749.143011,571,48.752517,56549.240377,564,49.407053,55848.156319,583,48.826447,57649.509309,570,49.137589,55348.364326,572,49.054496,55949.166216,581,48.443606,56549.189218,559,49.086526,55849.019368,547,48.687569,55948.83994,570,849.2323,565,49.10859,570,49.504169,57749.396288,565,49.357421,56448.509415,547,48.417302,57049.02609,571,49.1547,545,848.591251,5649.72913,559,8949.213925,548.711325,571,8949.083643,548.641577,559,8948.948427,549.672358,559,8949.507057,548.848418,552,8949.573909,549.242027,553,8948.923994,549.477808,565,8948.610301,549.689891,558,849.52042,54148.949776,552,48.872969,56449.467609,55249.090904,553,49.16794,553,49.413661,54749.644631,546,48.794563,55349.342011,54749.652428,559,49.469619,54149.646488,540,48.759651,55249.247261,551,49.347266,54649.321914,558,49.14746,547,48.896525,54049.497113,547,49.256428,55849.688659,546,49.034386,55248.862235,54649.041062,54649.489538,534,49.494963,54149.562922,540,49.73234,536,49.226417,54049.552528,548,48.798453,54749.505007,552,49.745549,55349.510274,547,48.721627,55249.61808,558,849.162398,5449.173563,534,948.788509,549.051251,553,9049.236318,49.508121,577,9049.313822,549.284488,541,9049.497263,549.580851,552,9049.13789,548.593157,546,9048.688651,49.315442,547,90148.79479349.600075,547,902248.8975149.117351,552,9024.48.8310849.101412,570,9029.49.3129549.289498,547,9031.49.6989548.963937,547,9034.49.1772549.057669,538,9037.49.3173249.339325,540,9041.49.0861649.460586,553,904449.94953948.999203,535,904649.38767349.179666,540,905049.14679549.29773,534,9053.49.4533648.932665,559,9056.49.1999749.128221,554,9058.49.6084349.497636,541,9063.49.5470649.158548,541,9065.49.5538250.011347,551,9068.49.0562749.520564,546,9070.48.8473148.799107,559,9075.49.733848.774711,546,9078.049.210249.012832,541,9080.649.55248.864042,546,9083.3748.77849.952934,541,9087.7249.90649.356322,546,9090.3448.93949.587069,552,9093.049.472349.31193,553,9097.1949.33149.527039,541,9099.7849.3149.286482,541,9102.36749.3049.386805,540,9104.98949.1349.697658,540,9109.1449.17849.347019,541,9111.749.100448.951944,546,9114.349.041849.511242,547,9116.948.826849.010758,535,9149.436813,548.80536,541,91249.264854,49.391946,547,91249.15002,49.29421,553,91249.639563,49.437845,547,91348.790793,49.083077,553,91349.373125,49.484346,565,91349.598754,49.800916,558,91450.121559,49.680677,558,91448.966946,49.52693,547,9148.426457
49.625283,553,9151.1613
49.129729,542,9155.593256
49.489761,546,9158.48.6012149.068315,547,9160.875633
49.301119,541,9163.457738
49.816565,546,9167.711616
49.0113,552,9170.373087
48.985546,541,9173.020991
49.774616,547,9175.622524
49.305903,547,9179.769533
49.617619,547,9182.400465
49.667608,570,9185.125894
48.95186,551,9189.244513
48.936473,547,9191.895239
49.79121,541,9194.482918
49.745852,550,9197.104957
50.013838,547,9201.248364
49.513956,547,9203.945425
49.270207,553,9206.641272
49.697734,547,9209.32277
49.395408,547,9213.434619
49.301328,558,9216.093828
49.426122,546,9218.696934
49.36412,547,9221.327067
49.189571,552,9225.468966
48.478647,570,9228.189534
49.354271,552,9230.834722
49.711758,552,9235.10201
48.945221,540,9237.764732
49.435548,552,9240.483205
48.786518,547,9243.192958
49.123665,558,9247.477085
49.125933,552,9250.228668
48.909749,553,9252.918191
48.421542,564,9255.611107
49.961167,553,9259.790404
48.596499,565,9262.504152
49.201865,583,9265.319558
48.969209,565,9269.514104
49.510077,553,9272.146069
48.87375,553,9274.792183
48.665932,553,9277.542383
48.975455,553,9282.018903
49.686565,560,9284.774089
48.949538,553,9287.494748
48.8623,565,9290.281156
48.81978,565,9294.486119
49.665352,564,9297.174739
49.640135,565,9299.891647
49.440064,571,9304.423469
48.438364,564,9307.152814
48.836293,564,9309.922182
49.827479,553,9312.621724
48.744068,554,9316.809114
49.822291,560,9319.47953
48.985483,558,9322.23738
49.041767,558,9325.016638
48.821127,551,9329.147397
49.04401,552,9331.79914
49.312433,559,9334.496025
49.166937,564,9338.948856
48.850828,570,9341.719314
48.96245,559,9344.503073
49.292758,571,9347.318878
48.944588,562,9351.812231
48.740458,553,9354.546601
48.809305,570,9357.366868
575,9356.1049.0248.966061,574,9358.90249.70248,557,9360.181017
59.546859
48.893314,564,9357.713159

.462114

